zip,date,911-score
17329,2016-04-01,9.96875
17329,2016-08-01,9.96875
17352,2016-06-01,9.96875
17352,2016-11-01,9.9375
17352,2016-12-01,9.9375
17352,2017-04-01,9.96875
17352,2017-12-01,9.96875
17352,2018-11-01,9.96875
17361,2015-06-01,9.96875
17361,2015-07-01,9.96875
17361,2015-09-01,9.96875
17361,2015-12-01,9.96875
17361,2016-03-01,9.96875
17361,2016-05-01,9.9375
17361,2016-10-01,9.90625
17361,2016-11-01,9.9375
17361,2017-02-01,9.96875
17361,2017-04-01,9.96875
17361,2017-06-01,9.9375
17361,2017-07-01,9.9375
17361,2017-10-01,9.96875
17361,2017-11-01,9.96875
17361,2018-04-01,9.96875
17361,2018-07-01,9.96875
17361,2018-09-01,9.96875
17361,2018-10-01,9.9375
19717,2015-06-01,9.96875
19717,2015-07-01,9.96875
19717,2015-08-01,9.90625
19717,2015-11-01,9.9375
19717,2015-12-01,9.9375
19717,2016-01-01,9.9375
19717,2016-02-01,9.96875
19717,2016-06-01,9.90625
19717,2016-07-01,9.9375
19717,2016-08-01,9.9375
19717,2016-09-01,9.96875
19717,2016-12-01,9.90625
19717,2017-01-01,9.96875
19717,2017-03-01,9.96875
19717,2017-04-01,9.90625
19717,2017-09-01,9.9375
19717,2018-08-01,9.96875
19717,2018-09-01,9.96875
20019,2017-01-01,9.96875
20601,2016-02-01,9.96875
20601,2016-07-01,9.96875
20601,2017-02-01,9.96875
20601,2017-06-01,9.90625
20601,2017-09-01,9.96875
20601,2018-01-01,9.96875
20601,2018-06-01,9.875
20601,2018-10-01,9.96875
20611,2015-05-01,9.96875
20611,2018-06-01,9.96875
20616,2016-04-01,9.96875
20616,2016-08-01,9.96875
20616,2016-11-01,9.96875
20616,2017-01-01,9.96875
20616,2017-08-01,9.96875
20616,2018-01-01,9.90625
20616,2018-04-01,9.96875
20616,2018-07-01,9.96875
20622,2015-05-01,9.96875
20622,2015-06-01,9.96875
20622,2016-11-01,9.96875
20622,2017-10-01,9.96875
20622,2018-06-01,9.96875
20622,2018-07-01,9.96875
20623,2016-08-01,9.96875
20658,2017-08-01,9.96875
20685,2017-01-01,9.96875
20693,2018-02-01,9.96875
20693,2018-10-01,9.96875
20705,2016-10-01,9.96875
20705,2017-03-01,9.96875
20706,2016-05-01,9.96875
20711,2016-06-01,9.96875
20715,2015-04-01,9.96875
20715,2015-10-01,9.96875
20715,2016-04-01,9.96875
20715,2016-09-01,9.96875
20715,2017-01-01,9.96875
20715,2017-02-01,9.96875
20715,2017-03-01,9.96875
20715,2017-05-01,9.96875
20715,2017-09-01,9.96875
20715,2018-07-01,9.96875
20715,2018-10-01,9.96875
20721,2016-03-01,9.96875
20721,2017-04-01,9.96875
20721,2017-06-01,9.90625
20722,2017-01-01,9.96875
20733,2016-05-01,9.9375
20733,2017-11-01,9.96875
20737,2015-03-01,9.90625
20737,2015-04-01,9.9375
20737,2015-05-01,9.8125
20737,2015-06-01,9.78125
20737,2015-07-01,9.8125
20737,2015-08-01,9.84375
20737,2015-09-01,9.9375
20737,2015-10-01,9.90625
20737,2015-11-01,9.96875
20737,2015-12-01,9.9375
20737,2016-01-01,9.9375
20737,2016-02-01,9.9375
20737,2016-03-01,9.84375
20737,2016-04-01,9.96875
20737,2016-05-01,9.875
20737,2016-07-01,9.9375
20737,2016-09-01,9.90625
20737,2016-10-01,9.9375
20737,2016-11-01,9.8125
20737,2016-12-01,9.9375
20737,2017-01-01,9.96875
20737,2017-02-01,9.96875
20737,2017-03-01,9.96875
20737,2017-04-01,9.96875
20737,2017-05-01,9.96875
20737,2017-06-01,9.8125
20737,2017-07-01,9.90625
20737,2017-08-01,9.9375
20737,2017-09-01,9.90625
20737,2017-10-01,9.90625
20737,2017-11-01,9.90625
20737,2017-12-01,9.9375
20737,2018-01-01,9.9375
20737,2018-02-01,9.84375
20737,2018-03-01,9.78125
20737,2018-04-01,9.28125
20737,2018-05-01,8.9375
20737,2018-06-01,9.40625
20737,2018-07-01,9.65625
20737,2018-08-01,9.21875
20737,2018-09-01,9.3125
20737,2018-10-01,8.09375
20737,2018-11-01,9.03125
20740,2015-09-01,9.96875
20740,2016-11-01,9.96875
20743,2016-02-01,9.96875
20743,2016-03-01,9.96875
20743,2016-07-01,9.96875
20743,2016-11-01,9.96875
20743,2016-12-01,9.9375
20743,2017-01-01,9.90625
20743,2017-09-01,9.96875
20743,2017-10-01,9.96875
20743,2018-02-01,9.96875
20743,2018-05-01,9.9375
20743,2018-06-01,9.96875
20743,2018-10-01,9.96875
20743,2018-11-01,9.96875
20746,2018-11-01,9.96875
20747,2015-03-01,9.9375
20747,2015-08-01,9.96875
20747,2015-09-01,9.9375
20747,2016-04-01,9.90625
20747,2018-06-01,9.96875
20764,2015-09-01,9.84375
20764,2017-05-01,9.9375
20764,2017-06-01,9.96875
20764,2017-07-01,9.96875
20764,2017-12-01,9.96875
20764,2018-03-01,9.96875
20764,2018-05-01,9.9375
20764,2018-06-01,9.96875
20764,2018-07-01,9.96875
20764,2018-08-01,9.96875
20769,2015-07-01,9.96875
20772,2015-03-01,9.96875
20772,2016-02-01,9.96875
20772,2016-05-01,9.96875
20772,2016-08-01,9.9375
20772,2017-01-01,9.96875
20772,2017-12-01,9.96875
20772,2018-05-01,9.96875
20772,2018-06-01,9.96875
20772,2018-09-01,9.96875
20772,2018-11-01,9.96875
20774,2015-11-01,9.9375
20774,2016-06-01,9.9375
20774,2017-02-01,9.96875
20774,2018-03-01,9.96875
20782,2015-03-01,9.96875
20782,2015-04-01,9.96875
20782,2015-06-01,9.96875
20782,2015-07-01,9.96875
20782,2015-08-01,9.96875
20782,2015-09-01,9.9375
20782,2015-10-01,9.96875
20782,2015-11-01,9.96875
20782,2015-12-01,9.9375
20782,2016-01-01,9.9375
20782,2016-02-01,9.96875
20782,2016-03-01,9.90625
20782,2016-06-01,9.96875
20782,2016-07-01,9.90625
20782,2016-08-01,9.96875
20782,2016-09-01,9.9375
20782,2016-10-01,9.9375
20782,2016-11-01,9.96875
20782,2016-12-01,9.90625
20782,2017-01-01,9.9375
20782,2017-02-01,9.96875
20782,2017-03-01,9.96875
20782,2017-04-01,9.9375
20782,2017-05-01,9.9375
20782,2017-06-01,9.9375
20782,2017-07-01,9.90625
20782,2017-09-01,9.9375
20782,2017-10-01,9.875
20782,2017-11-01,9.9375
20782,2017-12-01,9.96875
20782,2018-01-01,9.9375
20782,2018-02-01,9.96875
20782,2018-03-01,9.875
20782,2018-04-01,9.96875
20782,2018-05-01,9.875
20782,2018-06-01,9.84375
20782,2018-07-01,9.90625
20782,2018-08-01,9.96875
20782,2018-09-01,9.90625
20782,2018-10-01,9.84375
20782,2018-11-01,9.90625
20783,2017-08-01,9.96875
20812,2015-03-01,9.875
20812,2015-05-01,9.96875
20812,2015-07-01,9.96875
20812,2015-10-01,9.96875
20812,2016-01-01,9.90625
20812,2016-02-01,9.96875
20812,2016-06-01,9.96875
20812,2016-12-01,9.90625
20812,2017-04-01,9.96875
20812,2017-05-01,9.9375
20812,2017-06-01,9.96875
20812,2017-07-01,9.96875
20812,2017-08-01,9.96875
20812,2017-10-01,9.96875
20812,2017-12-01,9.96875
20812,2018-01-01,9.96875
20812,2018-02-01,9.96875
20812,2018-04-01,9.96875
20812,2018-05-01,9.90625
20812,2018-09-01,9.90625
20812,2018-10-01,9.96875
20812,2018-11-01,9.96875
20814,2017-08-01,9.96875
20815,2018-08-01,9.96875
20817,2016-09-01,9.96875
20838,2015-04-01,9.96875
20838,2015-07-01,9.90625
20838,2015-08-01,9.875
20838,2015-09-01,9.96875
20838,2015-10-01,9.9375
20838,2015-11-01,9.96875
20838,2015-12-01,9.9375
20838,2016-06-01,9.96875
20838,2016-07-01,9.90625
20838,2016-08-01,9.96875
20838,2016-09-01,9.875
20838,2016-10-01,9.96875
20838,2016-11-01,9.875
20838,2016-12-01,9.875
20838,2017-01-01,9.96875
20838,2017-02-01,9.9375
20838,2017-03-01,9.96875
20838,2017-05-01,9.96875
20838,2017-06-01,9.90625
20838,2017-07-01,9.96875
20838,2017-09-01,9.90625
20838,2017-10-01,9.96875
20838,2017-11-01,9.90625
20838,2017-12-01,9.90625
20838,2018-01-01,9.9375
20838,2018-06-01,9.96875
20838,2018-09-01,9.96875
20838,2018-10-01,9.96875
20838,2018-11-01,9.9375
20839,2016-04-01,9.9375
20839,2016-08-01,9.96875
20839,2016-11-01,9.9375
20839,2016-12-01,9.96875
20839,2017-01-01,9.875
20839,2017-02-01,9.96875
20839,2017-03-01,9.90625
20839,2017-04-01,9.9375
20839,2017-11-01,9.96875
20839,2018-09-01,9.96875
20850,2017-11-01,9.96875
20850,2018-05-01,9.96875
20850,2018-11-01,9.96875
20851,2015-07-01,9.96875
20851,2015-10-01,9.96875
20851,2016-06-01,9.96875
20851,2016-07-01,9.96875
20851,2016-10-01,9.96875
20851,2017-02-01,9.96875
20851,2017-04-01,9.96875
20851,2017-11-01,9.96875
20851,2018-04-01,9.96875
20851,2018-08-01,9.96875
20852,2015-03-01,9.90625
20852,2015-05-01,9.9375
20852,2015-07-01,9.96875
20852,2015-09-01,9.90625
20852,2015-10-01,9.9375
20852,2015-12-01,9.96875
20852,2016-03-01,9.84375
20852,2016-04-01,9.96875
20852,2016-05-01,9.9375
20852,2016-06-01,9.96875
20852,2016-09-01,9.96875
20852,2017-01-01,9.96875
20852,2017-02-01,9.96875
20852,2017-03-01,9.96875
20852,2017-05-01,9.9375
20852,2017-06-01,9.9375
20852,2017-08-01,9.96875
20852,2017-09-01,9.96875
20852,2017-10-01,9.9375
20852,2017-11-01,9.96875
20852,2017-12-01,9.96875
20852,2018-01-01,9.96875
20852,2018-06-01,9.96875
20852,2018-08-01,9.96875
20852,2018-10-01,9.96875
20853,2017-09-01,9.96875
20854,2017-02-01,9.96875
20861,2015-09-01,9.96875
20861,2016-07-01,9.96875
20861,2017-02-01,9.96875
20861,2017-10-01,9.96875
20861,2018-11-01,9.96875
20872,2015-08-01,9.96875
20874,2018-08-01,9.96875
20874,2018-10-01,9.96875
20882,2015-09-01,9.96875
20882,2015-12-01,9.96875
20882,2016-09-01,9.96875
20882,2016-12-01,9.96875
20882,2017-01-01,9.96875
20882,2017-07-01,9.96875
20882,2017-08-01,9.96875
20882,2017-12-01,9.9375
20882,2018-06-01,9.96875
20882,2018-09-01,9.96875
20895,2015-09-01,9.96875
20895,2015-10-01,9.96875
20895,2016-05-01,9.96875
20895,2016-06-01,9.96875
20895,2017-01-01,9.96875
20895,2017-05-01,9.96875
20895,2018-04-01,9.96875
20895,2018-10-01,9.9375
20901,2015-03-01,9.96875
20901,2015-06-01,9.875
20901,2015-07-01,9.96875
20901,2015-11-01,9.96875
20901,2015-12-01,9.9375
20901,2016-02-01,9.9375
20901,2016-04-01,9.96875
20901,2016-05-01,9.96875
20901,2016-06-01,9.90625
20901,2016-09-01,9.96875
20901,2016-10-01,9.90625
20901,2016-11-01,9.9375
20901,2016-12-01,9.96875
20901,2017-01-01,9.96875
20901,2017-02-01,9.84375
20901,2017-03-01,9.96875
20901,2017-04-01,9.9375
20901,2017-05-01,9.9375
20901,2017-06-01,9.96875
20901,2017-09-01,9.96875
20901,2017-10-01,9.90625
20901,2017-11-01,9.875
20901,2017-12-01,9.9375
20901,2018-01-01,9.96875
20901,2018-02-01,9.9375
20901,2018-04-01,9.9375
20901,2018-05-01,9.96875
20901,2018-06-01,9.96875
20901,2018-08-01,9.90625
20901,2018-09-01,9.96875
20902,2015-09-01,9.96875
20902,2017-05-01,9.96875
20902,2018-06-01,9.96875
20904,2015-09-01,9.96875
20904,2016-08-01,9.96875
20905,2017-05-01,9.96875
20906,2016-02-01,9.96875
20906,2016-07-01,9.96875
20906,2016-11-01,9.96875
20906,2018-06-01,9.96875
20906,2018-10-01,9.9375
20912,2015-03-01,9.96875
20912,2015-07-01,9.9375
20912,2015-09-01,9.96875
20912,2015-11-01,9.875
20912,2015-12-01,9.9375
20912,2016-01-01,9.96875
20912,2016-02-01,9.9375
20912,2016-03-01,9.96875
20912,2016-06-01,9.90625
20912,2016-07-01,9.9375
20912,2016-09-01,9.96875
20912,2016-10-01,9.96875
20912,2016-12-01,9.9375
20912,2017-01-01,9.96875
20912,2017-03-01,9.9375
20912,2017-04-01,9.90625
20912,2017-05-01,9.96875
20912,2017-06-01,9.9375
20912,2017-07-01,9.9375
20912,2017-08-01,9.96875
20912,2017-09-01,9.96875
20912,2017-10-01,9.96875
20912,2017-11-01,9.96875
20912,2018-03-01,9.96875
20912,2018-07-01,9.96875
20912,2018-09-01,9.9375
20912,2018-10-01,9.9375
21009,2017-03-01,9.96875
21009,2018-04-01,9.96875
21012,2016-06-01,9.96875
21012,2016-11-01,9.96875
21014,2015-11-01,9.96875
21014,2016-06-01,9.96875
21014,2017-04-01,9.96875
21014,2017-05-01,9.96875
21014,2017-06-01,9.96875
21014,2017-07-01,9.96875
21014,2017-08-01,9.875
21014,2017-09-01,9.96875
21014,2018-07-01,9.96875
21014,2018-09-01,9.9375
21017,2016-02-01,9.96875
21017,2016-04-01,9.96875
21017,2016-06-01,9.9375
21017,2016-07-01,9.96875
21017,2016-08-01,9.96875
21017,2017-01-01,9.96875
21017,2017-02-01,9.96875
21017,2017-03-01,9.96875
21017,2017-08-01,9.96875
21017,2017-10-01,9.90625
21017,2018-01-01,9.96875
21017,2018-07-01,9.96875
21017,2018-08-01,9.96875
21031,2015-04-01,9.96875
21031,2015-05-01,9.96875
21031,2015-07-01,9.96875
21031,2016-02-01,9.96875
21031,2016-06-01,9.96875
21031,2016-10-01,9.96875
21031,2016-11-01,9.96875
21031,2017-03-01,9.96875
21031,2017-08-01,9.9375
21031,2017-10-01,9.9375
21031,2017-11-01,9.9375
21031,2018-02-01,9.9375
21031,2018-04-01,9.96875
21031,2018-05-01,9.9375
21031,2018-06-01,9.9375
21040,2017-01-01,9.96875
21040,2017-12-01,9.96875
21040,2018-10-01,9.96875
21043,2018-11-01,9.90625
21046,2015-06-01,9.96875
21046,2015-08-01,9.96875
21046,2016-03-01,9.90625
21046,2018-02-01,9.96875
21047,2015-11-01,9.96875
21047,2016-04-01,9.96875
21047,2016-07-01,9.96875
21047,2017-01-01,9.96875
21047,2018-01-01,9.96875
21047,2018-04-01,9.96875
21047,2018-05-01,9.96875
21047,2018-06-01,9.96875
21047,2018-10-01,9.96875
21047,2018-11-01,9.96875
21048,2016-01-01,9.96875
21048,2017-03-01,9.96875
21048,2017-06-01,9.96875
21048,2017-10-01,9.96875
21053,2018-09-01,9.96875
21060,2016-11-01,9.96875
21060,2017-01-01,9.96875
21060,2017-04-01,9.96875
21061,2016-07-01,9.96875
21061,2017-03-01,9.96875
21061,2017-05-01,9.96875
21061,2017-12-01,9.96875
21061,2018-02-01,9.96875
21061,2018-03-01,9.96875
21061,2018-11-01,9.96875
21074,2017-12-01,9.96875
21077,2017-01-01,9.96875
21082,2015-06-01,9.9375
21082,2016-04-01,9.96875
21082,2016-06-01,9.96875
21082,2016-09-01,9.96875
21082,2017-07-01,9.96875
21082,2018-01-01,9.96875
21082,2018-07-01,9.96875
21090,2016-06-01,9.96875
21090,2016-08-01,9.9375
21090,2016-09-01,9.96875
21090,2016-10-01,9.96875
21090,2017-01-01,9.96875
21090,2017-03-01,9.96875
21090,2017-06-01,9.9375
21090,2018-05-01,9.96875
21090,2018-07-01,9.96875
21090,2018-10-01,9.9375
21093,2015-03-01,9.9375
21093,2015-05-01,9.96875
21093,2016-11-01,9.96875
21093,2017-03-01,9.9375
21093,2017-05-01,9.96875
21093,2017-06-01,9.96875
21093,2018-02-01,9.96875
21093,2018-04-01,9.96875
21093,2018-06-01,9.96875
21093,2018-08-01,9.96875
21104,2015-02-01,9.96875
21117,2018-09-01,9.96875
21120,2015-06-01,9.96875
21120,2015-08-01,9.96875
21120,2015-09-01,9.96875
21120,2016-02-01,9.96875
21120,2016-07-01,9.96875
21120,2016-08-01,9.96875
21120,2016-10-01,9.9375
21120,2016-12-01,9.96875
21120,2017-01-01,9.9375
21120,2017-02-01,9.96875
21120,2017-04-01,9.9375
21120,2017-05-01,9.96875
21120,2017-10-01,9.90625
21120,2017-12-01,9.96875
21120,2018-01-01,9.96875
21120,2018-05-01,9.875
21120,2018-06-01,9.96875
21120,2018-07-01,9.90625
21120,2018-10-01,9.96875
21122,2016-05-01,9.96875
21122,2016-06-01,9.875
21122,2016-11-01,9.96875
21122,2017-02-01,9.96875
21122,2017-05-01,9.96875
21122,2017-09-01,9.9375
21122,2017-10-01,9.96875
21122,2017-11-01,9.78125
21122,2018-02-01,9.96875
21122,2018-03-01,9.96875
21122,2018-05-01,9.96875
21122,2018-06-01,9.96875
21122,2018-08-01,9.96875
21128,2017-01-01,9.96875
21133,2015-03-01,9.96875
21133,2015-10-01,9.96875
21133,2016-07-01,9.96875
21133,2017-01-01,9.96875
21133,2017-02-01,9.96875
21133,2017-05-01,9.96875
21133,2017-09-01,9.96875
21133,2017-11-01,9.96875
21133,2017-12-01,9.96875
21133,2018-10-01,9.9375
21136,2015-01-01,9.96875
21136,2015-03-01,9.90625
21136,2015-04-01,9.78125
21136,2015-05-01,9.875
21136,2015-06-01,9.9375
21136,2015-07-01,9.9375
21136,2015-08-01,9.6875
21136,2015-09-01,9.75
21136,2015-10-01,9.71875
21136,2015-11-01,9.96875
21136,2015-12-01,9.84375
21136,2016-01-01,9.8125
21136,2016-02-01,9.625
21136,2016-03-01,9.71875
21136,2016-04-01,9.53125
21136,2016-05-01,9.78125
21136,2016-06-01,9.8125
21136,2016-07-01,9.78125
21136,2016-08-01,9.875
21136,2016-09-01,9.90625
21136,2016-10-01,9.75
21136,2016-11-01,9.84375
21136,2016-12-01,9.8125
21136,2017-01-01,9.8125
21136,2017-02-01,9.90625
21136,2017-03-01,9.84375
21136,2017-04-01,9.9375
21136,2017-05-01,9.71875
21136,2017-06-01,9.75
21136,2017-07-01,9.84375
21136,2017-08-01,9.875
21136,2017-09-01,9.8125
21136,2017-10-01,9.84375
21136,2017-11-01,9.9375
21136,2017-12-01,9.65625
21136,2018-01-01,9.8125
21136,2018-02-01,9.75
21136,2018-03-01,9.9375
21136,2018-04-01,9.875
21136,2018-05-01,9.96875
21136,2018-06-01,9.84375
21136,2018-07-01,9.9375
21136,2018-08-01,9.875
21136,2018-09-01,9.875
21136,2018-10-01,9.75
21136,2018-11-01,9.65625
21152,2015-03-01,9.8125
21152,2015-04-01,9.90625
21152,2015-06-01,9.9375
21152,2015-07-01,9.875
21152,2015-08-01,9.875
21152,2015-09-01,9.9375
21152,2015-10-01,9.84375
21152,2015-11-01,9.96875
21152,2015-12-01,9.9375
21152,2016-01-01,9.875
21152,2016-02-01,9.90625
21152,2016-03-01,9.96875
21152,2016-04-01,9.90625
21152,2016-05-01,9.90625
21152,2016-06-01,9.90625
21152,2016-07-01,9.875
21152,2016-08-01,9.90625
21152,2016-10-01,9.8125
21152,2016-11-01,9.875
21152,2016-12-01,9.96875
21152,2017-01-01,9.90625
21152,2017-02-01,9.9375
21152,2017-03-01,9.90625
21152,2017-04-01,9.9375
21152,2017-05-01,9.90625
21152,2017-06-01,9.90625
21152,2017-07-01,9.96875
21152,2017-08-01,9.9375
21152,2017-09-01,9.90625
21152,2017-10-01,9.90625
21152,2017-11-01,9.9375
21152,2017-12-01,9.875
21152,2018-01-01,9.90625
21152,2018-02-01,9.71875
21152,2018-03-01,9.75
21152,2018-04-01,9.15625
21152,2018-05-01,9.25
21152,2018-06-01,9.40625
21152,2018-07-01,9.5
21152,2018-08-01,9.34375
21152,2018-09-01,9.5
21152,2018-10-01,8.03125
21152,2018-11-01,8.90625
21156,2015-09-01,9.96875
21156,2016-06-01,9.96875
21156,2016-11-01,9.96875
21156,2018-01-01,9.96875
21156,2018-09-01,9.90625
21157,2016-10-01,9.96875
21162,2018-01-01,9.96875
21201,2015-01-01,2.28125
21201,2015-02-01,4.84375
21201,2015-03-01,0.0
21201,2015-04-01,0.0
21201,2015-05-01,0.5
21201,2015-06-01,0.34375
21201,2015-07-01,0.0
21201,2015-08-01,0.0
21201,2015-09-01,0.0
21201,2015-10-01,0.0
21201,2015-11-01,0.0
21201,2015-12-01,0.0
21201,2016-01-01,0.0
21201,2016-02-01,0.0
21201,2016-03-01,0.0
21201,2016-04-01,0.0
21201,2016-05-01,0.0
21201,2016-06-01,0.0
21201,2016-07-01,0.0
21201,2016-08-01,0.0
21201,2016-09-01,0.0
21201,2016-10-01,0.0
21201,2016-11-01,0.0
21201,2016-12-01,0.0
21201,2017-01-01,0.0
21201,2017-02-01,0.0
21201,2017-03-01,0.0
21201,2017-04-01,0.0
21201,2017-05-01,0.0
21201,2017-06-01,0.0
21201,2017-07-01,0.0
21201,2017-08-01,0.0
21201,2017-09-01,0.0
21201,2017-10-01,0.0
21201,2017-11-01,0.0
21201,2017-12-01,0.0
21201,2018-01-01,0.0
21201,2018-02-01,0.0
21201,2018-03-01,0.0
21201,2018-04-01,0.0
21201,2018-05-01,0.0
21201,2018-06-01,0.0
21201,2018-07-01,0.0
21201,2018-08-01,0.0
21201,2018-09-01,0.0
21201,2018-10-01,0.0
21201,2018-11-01,0.0
21202,2015-01-01,2.65625
21202,2015-02-01,3.71875
21202,2015-03-01,0.0
21202,2015-04-01,0.0
21202,2015-05-01,0.0
21202,2015-06-01,0.0
21202,2015-07-01,0.0
21202,2015-08-01,0.0
21202,2015-09-01,0.0
21202,2015-10-01,0.0
21202,2015-11-01,0.0
21202,2015-12-01,0.0
21202,2016-01-01,0.0
21202,2016-02-01,0.0
21202,2016-03-01,0.0
21202,2016-04-01,0.0
21202,2016-05-01,0.0
21202,2016-06-01,0.0
21202,2016-07-01,0.0
21202,2016-08-01,0.0
21202,2016-09-01,0.0
21202,2016-10-01,0.0
21202,2016-11-01,0.0
21202,2016-12-01,0.0
21202,2017-01-01,0.0
21202,2017-02-01,0.0
21202,2017-03-01,0.0
21202,2017-04-01,0.0
21202,2017-05-01,0.0
21202,2017-06-01,0.0
21202,2017-07-01,0.0
21202,2017-08-01,0.0
21202,2017-09-01,0.0
21202,2017-10-01,0.0
21202,2017-11-01,0.0
21202,2017-12-01,0.0
21202,2018-01-01,0.0
21202,2018-02-01,0.0
21202,2018-03-01,0.0
21202,2018-04-01,0.0
21202,2018-05-01,0.0
21202,2018-06-01,0.0
21202,2018-07-01,0.0
21202,2018-08-01,0.0
21202,2018-09-01,0.0
21202,2018-10-01,0.0
21202,2018-11-01,0.0
21204,2015-01-01,9.96875
21204,2015-02-01,9.96875
21204,2015-04-01,9.96875
21204,2015-06-01,9.96875
21204,2015-07-01,9.90625
21204,2015-11-01,9.96875
21204,2015-12-01,9.875
21204,2016-02-01,9.96875
21204,2016-03-01,9.96875
21204,2016-04-01,9.84375
21204,2016-05-01,9.8125
21204,2016-06-01,9.96875
21204,2016-07-01,9.9375
21204,2016-08-01,9.9375
21204,2016-09-01,9.8125
21204,2016-10-01,9.9375
21204,2016-11-01,9.9375
21204,2016-12-01,9.96875
21204,2017-01-01,9.875
21204,2017-02-01,9.96875
21204,2017-03-01,9.9375
21204,2017-04-01,9.84375
21204,2017-05-01,9.875
21204,2017-06-01,9.9375
21204,2017-07-01,9.9375
21204,2017-08-01,9.90625
21204,2017-09-01,9.84375
21204,2017-10-01,9.875
21204,2017-11-01,9.84375
21204,2017-12-01,9.90625
21204,2018-01-01,9.9375
21204,2018-02-01,9.84375
21204,2018-03-01,9.90625
21204,2018-04-01,9.90625
21204,2018-05-01,9.90625
21204,2018-06-01,9.875
21204,2018-07-01,9.96875
21204,2018-08-01,9.875
21204,2018-09-01,9.90625
21204,2018-10-01,9.75
21204,2018-11-01,9.96875
21205,2015-01-01,3.1875
21205,2015-02-01,2.59375
21205,2015-03-01,0.0
21205,2015-04-01,0.0
21205,2015-05-01,0.0
21205,2015-06-01,0.0
21205,2015-07-01,0.0
21205,2015-08-01,0.0
21205,2015-09-01,0.0
21205,2015-10-01,0.0
21205,2015-11-01,0.0
21205,2015-12-01,0.0
21205,2016-01-01,0.0
21205,2016-02-01,0.0
21205,2016-03-01,0.0
21205,2016-04-01,0.0
21205,2016-05-01,0.0
21205,2016-06-01,0.0
21205,2016-07-01,0.0
21205,2016-08-01,0.0
21205,2016-09-01,0.0
21205,2016-10-01,0.0
21205,2016-11-01,0.0
21205,2016-12-01,0.0
21205,2017-01-01,0.0
21205,2017-02-01,0.0
21205,2017-03-01,0.0
21205,2017-04-01,0.0
21205,2017-05-01,0.0
21205,2017-06-01,0.0
21205,2017-07-01,0.0
21205,2017-08-01,0.0
21205,2017-09-01,0.0
21205,2017-10-01,0.0
21205,2017-11-01,0.0
21205,2017-12-01,0.0
21205,2018-01-01,0.0
21205,2018-02-01,0.0
21205,2018-03-01,0.0
21205,2018-04-01,0.0
21205,2018-05-01,0.0
21205,2018-06-01,0.0
21205,2018-07-01,0.0
21205,2018-08-01,0.0
21205,2018-09-01,0.0
21205,2018-10-01,0.0
21205,2018-11-01,0.0
21206,2015-01-01,6.15625
21206,2015-02-01,6.0
21206,2015-03-01,3.59375
21206,2015-04-01,4.0625
21206,2015-05-01,4.84375
21206,2015-06-01,3.96875
21206,2015-07-01,4.125
21206,2015-08-01,4.9375
21206,2015-09-01,4.125
21206,2015-10-01,2.65625
21206,2015-11-01,3.15625
21206,2015-12-01,2.5625
21206,2016-01-01,2.8125
21206,2016-02-01,3.0625
21206,2016-03-01,2.78125
21206,2016-04-01,2.5
21206,2016-05-01,2.53125
21206,2016-06-01,3.1875
21206,2016-07-01,4.5625
21206,2016-08-01,4.40625
21206,2016-09-01,5.09375
21206,2016-10-01,4.59375
21206,2016-11-01,3.8125
21206,2016-12-01,5.0
21206,2017-01-01,4.9375
21206,2017-02-01,5.125
21206,2017-03-01,4.78125
21206,2017-04-01,4.34375
21206,2017-05-01,3.71875
21206,2017-06-01,5.03125
21206,2017-07-01,4.875
21206,2017-08-01,5.46875
21206,2017-09-01,3.90625
21206,2017-10-01,5.125
21206,2017-11-01,4.40625
21206,2017-12-01,4.6875
21206,2018-01-01,1.78125
21206,2018-02-01,4.4375
21206,2018-03-01,3.96875
21206,2018-04-01,4.5
21206,2018-05-01,3.84375
21206,2018-06-01,4.5625
21206,2018-07-01,4.625
21206,2018-08-01,4.65625
21206,2018-09-01,4.46875
21206,2018-10-01,4.375
21206,2018-11-01,4.40625
21207,2015-01-01,9.46875
21207,2015-02-01,9.15625
21207,2015-03-01,8.59375
21207,2015-04-01,8.375
21207,2015-05-01,8.5
21207,2015-06-01,8.46875
21207,2015-07-01,8.03125
21207,2015-08-01,8.34375
21207,2015-09-01,8.15625
21207,2015-10-01,8.5
21207,2015-11-01,7.65625
21207,2015-12-01,8.65625
21207,2016-01-01,8.6875
21207,2016-02-01,8.0
21207,2016-03-01,8.0625
21207,2016-04-01,8.46875
21207,2016-05-01,8.0625
21207,2016-06-01,8.625
21207,2016-07-01,8.8125
21207,2016-08-01,8.75
21207,2016-09-01,8.65625
21207,2016-10-01,8.90625
21207,2016-11-01,8.375
21207,2016-12-01,9.0625
21207,2017-01-01,8.9375
21207,2017-02-01,9.0
21207,2017-03-01,8.65625
21207,2017-04-01,8.8125
21207,2017-05-01,8.5625
21207,2017-06-01,8.21875
21207,2017-07-01,8.53125
21207,2017-08-01,8.0625
21207,2017-09-01,8.78125
21207,2017-10-01,8.28125
21207,2017-11-01,9.0
21207,2017-12-01,8.71875
21207,2018-01-01,8.21875
21207,2018-02-01,8.59375
21207,2018-03-01,8.03125
21207,2018-04-01,8.34375
21207,2018-05-01,7.34375
21207,2018-06-01,7.90625
21207,2018-07-01,8.28125
21207,2018-08-01,8.28125
21207,2018-09-01,8.40625
21207,2018-10-01,7.75
21207,2018-11-01,8.28125
21208,2015-01-01,9.3125
21208,2015-02-01,9.375
21208,2015-03-01,9.1875
21208,2015-04-01,9.34375
21208,2015-05-01,9.3125
21208,2015-06-01,9.0625
21208,2015-07-01,9.5
21208,2015-08-01,9.0625
21208,2015-09-01,9.21875
21208,2015-10-01,9.15625
21208,2015-11-01,9.28125
21208,2015-12-01,9.34375
21208,2016-01-01,9.09375
21208,2016-02-01,9.34375
21208,2016-03-01,9.25
21208,2016-04-01,9.34375
21208,2016-05-01,9.0625
21208,2016-06-01,9.3125
21208,2016-07-01,9.4375
21208,2016-08-01,9.34375
21208,2016-09-01,9.25
21208,2016-10-01,9.1875
21208,2016-11-01,9.1875
21208,2016-12-01,9.21875
21208,2017-01-01,9.21875
21208,2017-02-01,9.25
21208,2017-03-01,9.46875
21208,2017-04-01,9.46875
21208,2017-05-01,9.125
21208,2017-06-01,9.53125
21208,2017-07-01,9.28125
21208,2017-08-01,9.25
21208,2017-09-01,9.125
21208,2017-10-01,9.0
21208,2017-11-01,9.0625
21208,2017-12-01,8.71875
21208,2018-01-01,9.09375
21208,2018-02-01,9.1875
21208,2018-03-01,9.125
21208,2018-04-01,9.5
21208,2018-05-01,9.25
21208,2018-06-01,9.1875
21208,2018-07-01,9.21875
21208,2018-08-01,9.375
21208,2018-09-01,9.03125
21208,2018-10-01,9.40625
21208,2018-11-01,9.53125
21209,2015-01-01,7.875
21209,2015-02-01,8.15625
21209,2015-03-01,7.875
21209,2015-04-01,7.71875
21209,2015-05-01,8.3125
21209,2015-06-01,7.9375
21209,2015-07-01,8.125
21209,2015-08-01,7.78125
21209,2015-09-01,7.59375
21209,2015-10-01,7.5
21209,2015-11-01,8.15625
21209,2015-12-01,8.09375
21209,2016-01-01,7.09375
21209,2016-02-01,7.8125
21209,2016-03-01,8.09375
21209,2016-04-01,8.1875
21209,2016-05-01,7.6875
21209,2016-06-01,7.28125
21209,2016-07-01,7.375
21209,2016-08-01,7.59375
21209,2016-09-01,7.8125
21209,2016-10-01,7.5625
21209,2016-11-01,7.96875
21209,2016-12-01,7.96875
21209,2017-01-01,8.125
21209,2017-02-01,8.03125
21209,2017-03-01,8.1875
21209,2017-04-01,7.78125
21209,2017-05-01,8.1875
21209,2017-06-01,7.375
21209,2017-07-01,7.3125
21209,2017-08-01,7.53125
21209,2017-09-01,7.65625
21209,2017-10-01,7.8125
21209,2017-11-01,6.71875
21209,2017-12-01,6.375
21209,2018-01-01,6.90625
21209,2018-02-01,7.53125
21209,2018-03-01,6.71875
21209,2018-04-01,7.65625
21209,2018-05-01,6.75
21209,2018-06-01,7.65625
21209,2018-07-01,7.8125
21209,2018-08-01,7.375
21209,2018-09-01,7.65625
21209,2018-10-01,6.84375
21209,2018-11-01,7.15625
21210,2015-01-01,7.75
21210,2015-02-01,7.96875
21210,2015-03-01,6.90625
21210,2015-04-01,7.09375
21210,2015-05-01,7.34375
21210,2015-06-01,7.25
21210,2015-07-01,7.3125
21210,2015-08-01,7.125
21210,2015-09-01,7.53125
21210,2015-10-01,7.46875
21210,2015-11-01,8.0
21210,2015-12-01,8.65625
21210,2016-01-01,7.59375
21210,2016-02-01,7.28125
21210,2016-03-01,6.59375
21210,2016-04-01,7.03125
21210,2016-05-01,7.625
21210,2016-06-01,7.71875
21210,2016-07-01,7.59375
21210,2016-08-01,7.75
21210,2016-09-01,7.46875
21210,2016-10-01,8.03125
21210,2016-11-01,7.59375
21210,2016-12-01,7.875
21210,2017-01-01,7.75
21210,2017-02-01,7.46875
21210,2017-03-01,7.71875
21210,2017-04-01,7.0625
21210,2017-05-01,6.625
21210,2017-06-01,6.65625
21210,2017-07-01,7.15625
21210,2017-08-01,7.25
21210,2017-09-01,7.3125
21210,2017-10-01,6.53125
21210,2017-11-01,6.6875
21210,2017-12-01,6.6875
21210,2018-01-01,4.4375
21210,2018-02-01,4.9375
21210,2018-03-01,4.84375
21210,2018-04-01,5.125
21210,2018-05-01,5.5
21210,2018-06-01,5.90625
21210,2018-07-01,7.125
21210,2018-08-01,6.0
21210,2018-09-01,7.375
21210,2018-10-01,6.65625
21210,2018-11-01,7.0
21211,2015-01-01,6.125
21211,2015-02-01,7.1875
21211,2015-03-01,5.28125
21211,2015-04-01,5.1875
21211,2015-05-01,6.6875
21211,2015-06-01,6.0
21211,2015-07-01,6.0
21211,2015-08-01,5.125
21211,2015-09-01,6.53125
21211,2015-10-01,5.75
21211,2015-11-01,4.59375
21211,2015-12-01,5.3125
21211,2016-01-01,5.3125
21211,2016-02-01,5.5
21211,2016-03-01,6.375
21211,2016-04-01,5.90625
21211,2016-05-01,5.40625
21211,2016-06-01,6.28125
21211,2016-07-01,6.34375
21211,2016-08-01,6.28125
21211,2016-09-01,6.96875
21211,2016-10-01,6.34375
21211,2016-11-01,6.6875
21211,2016-12-01,6.9375
21211,2017-01-01,5.34375
21211,2017-02-01,6.09375
21211,2017-03-01,6.03125
21211,2017-04-01,6.375
21211,2017-05-01,5.65625
21211,2017-06-01,5.96875
21211,2017-07-01,5.5625
21211,2017-08-01,6.28125
21211,2017-09-01,5.875
21211,2017-10-01,4.0
21211,2017-11-01,4.375
21211,2017-12-01,4.15625
21211,2018-01-01,5.3125
21211,2018-02-01,5.09375
21211,2018-03-01,4.8125
21211,2018-04-01,3.96875
21211,2018-05-01,2.96875
21211,2018-06-01,2.8125
21211,2018-07-01,5.375
21211,2018-08-01,3.5
21211,2018-09-01,4.625
21211,2018-10-01,5.5625
21211,2018-11-01,5.0625
21212,2015-01-01,8.65625
21212,2015-02-01,8.46875
21212,2015-03-01,7.40625
21212,2015-04-01,7.71875
21212,2015-05-01,8.375
21212,2015-06-01,7.875
21212,2015-07-01,7.53125
21212,2015-08-01,7.125
21212,2015-09-01,7.65625
21212,2015-10-01,8.4375
21212,2015-11-01,7.71875
21212,2015-12-01,8.09375
21212,2016-01-01,7.625
21212,2016-02-01,7.0625
21212,2016-03-01,7.75
21212,2016-04-01,8.09375
21212,2016-05-01,7.8125
21212,2016-06-01,7.46875
21212,2016-07-01,8.34375
21212,2016-08-01,7.90625
21212,2016-09-01,8.0625
21212,2016-10-01,7.75
21212,2016-11-01,8.65625
21212,2016-12-01,8.0625
21212,2017-01-01,8.3125
21212,2017-02-01,8.34375
21212,2017-03-01,7.78125
21212,2017-04-01,8.0
21212,2017-05-01,8.21875
21212,2017-06-01,7.25
21212,2017-07-01,7.625
21212,2017-08-01,5.34375
21212,2017-09-01,7.6875
21212,2017-10-01,7.09375
21212,2017-11-01,6.65625
21212,2017-12-01,7.65625
21212,2018-01-01,5.03125
21212,2018-02-01,6.40625
21212,2018-03-01,6.1875
21212,2018-04-01,7.0
21212,2018-05-01,6.71875
21212,2018-06-01,7.15625
21212,2018-07-01,7.53125
21212,2018-08-01,7.28125
21212,2018-09-01,7.34375
21212,2018-10-01,7.03125
21212,2018-11-01,7.8125
21213,2015-01-01,4.375
21213,2015-02-01,5.34375
21213,2015-03-01,0.71875
21213,2015-04-01,1.4375
21213,2015-05-01,2.28125
21213,2015-06-01,1.65625
21213,2015-07-01,0.3125
21213,2015-08-01,1.6875
21213,2015-09-01,2.375
21213,2015-10-01,0.0
21213,2015-11-01,1.125
21213,2015-12-01,0.5
21213,2016-01-01,1.15625
21213,2016-02-01,0.40625
21213,2016-03-01,0.0
21213,2016-04-01,2.0
21213,2016-05-01,1.25
21213,2016-06-01,0.875
21213,2016-07-01,1.28125
21213,2016-08-01,0.3125
21213,2016-09-01,3.03125
21213,2016-10-01,1.40625
21213,2016-11-01,1.75
21213,2016-12-01,2.5625
21213,2017-01-01,1.03125
21213,2017-02-01,0.0
21213,2017-03-01,0.125
21213,2017-04-01,0.0
21213,2017-05-01,0.71875
21213,2017-06-01,0.78125
21213,2017-07-01,1.4375
21213,2017-08-01,0.65625
21213,2017-09-01,0.0
21213,2017-10-01,0.0
21213,2017-11-01,0.40625
21213,2017-12-01,0.15625
21213,2018-01-01,0.0
21213,2018-02-01,0.0
21213,2018-03-01,0.40625
21213,2018-04-01,0.5625
21213,2018-05-01,0.0
21213,2018-06-01,1.5
21213,2018-07-01,0.65625
21213,2018-08-01,1.03125
21213,2018-09-01,1.34375
21213,2018-10-01,0.0
21213,2018-11-01,1.78125
21214,2015-01-01,4.65625
21214,2015-02-01,5.71875
21214,2015-03-01,2.5
21214,2015-04-01,3.5625
21214,2015-05-01,3.34375
21214,2015-06-01,3.34375
21214,2015-07-01,3.3125
21214,2015-08-01,3.90625
21214,2015-09-01,2.40625
21214,2015-10-01,0.0
21214,2015-11-01,2.0
21214,2015-12-01,2.8125
21214,2016-01-01,3.5625
21214,2016-02-01,4.125
21214,2016-03-01,4.1875
21214,2016-04-01,5.1875
21214,2016-05-01,4.8125
21214,2016-06-01,4.3125
21214,2016-07-01,4.625
21214,2016-08-01,5.09375
21214,2016-09-01,5.375
21214,2016-10-01,4.3125
21214,2016-11-01,5.625
21214,2016-12-01,4.3125
21214,2017-01-01,3.65625
21214,2017-02-01,3.71875
21214,2017-03-01,4.4375
21214,2017-04-01,4.75
21214,2017-05-01,4.34375
21214,2017-06-01,3.84375
21214,2017-07-01,4.5625
21214,2017-08-01,4.96875
21214,2017-09-01,4.59375
21214,2017-10-01,4.125
21214,2017-11-01,5.5
21214,2017-12-01,2.875
21214,2018-01-01,2.5
21214,2018-02-01,4.96875
21214,2018-03-01,4.8125
21214,2018-04-01,3.5
21214,2018-05-01,3.6875
21214,2018-06-01,3.59375
21214,2018-07-01,4.15625
21214,2018-08-01,4.84375
21214,2018-09-01,4.25
21214,2018-10-01,3.75
21214,2018-11-01,3.375
21215,2015-01-01,2.46875
21215,2015-02-01,2.1875
21215,2015-03-01,0.0
21215,2015-04-01,0.0
21215,2015-05-01,0.4375
21215,2015-06-01,0.0
21215,2015-07-01,0.0
21215,2015-08-01,0.0
21215,2015-09-01,0.0
21215,2015-10-01,0.0
21215,2015-11-01,0.0
21215,2015-12-01,0.0
21215,2016-01-01,0.0
21215,2016-02-01,0.0
21215,2016-03-01,0.0
21215,2016-04-01,0.0
21215,2016-05-01,0.5
21215,2016-06-01,1.25
21215,2016-07-01,0.3125
21215,2016-08-01,2.40625
21215,2016-09-01,2.25
21215,2016-10-01,0.53125
21215,2016-11-01,1.375
21215,2016-12-01,1.0
21215,2017-01-01,0.0
21215,2017-02-01,0.96875
21215,2017-03-01,1.125
21215,2017-04-01,0.0
21215,2017-05-01,0.0
21215,2017-06-01,0.0
21215,2017-07-01,0.0
21215,2017-08-01,0.0
21215,2017-09-01,0.0
21215,2017-10-01,0.0
21215,2017-11-01,0.0
21215,2017-12-01,0.0
21215,2018-01-01,0.0
21215,2018-02-01,0.0
21215,2018-03-01,0.0
21215,2018-04-01,0.0
21215,2018-05-01,0.0
21215,2018-06-01,0.0
21215,2018-07-01,0.0
21215,2018-08-01,0.0
21215,2018-09-01,0.0
21215,2018-10-01,0.0
21215,2018-11-01,0.0
21216,2015-01-01,3.53125
21216,2015-02-01,4.375
21216,2015-03-01,0.0
21216,2015-04-01,0.0
21216,2015-05-01,2.5
21216,2015-06-01,2.21875
21216,2015-07-01,0.78125
21216,2015-08-01,0.03125
21216,2015-09-01,0.0
21216,2015-10-01,0.0
21216,2015-11-01,0.0
21216,2015-12-01,0.5
21216,2016-01-01,0.0
21216,2016-02-01,0.0
21216,2016-03-01,0.0
21216,2016-04-01,0.28125
21216,2016-05-01,0.15625
21216,2016-06-01,0.96875
21216,2016-07-01,1.46875
21216,2016-08-01,0.875
21216,2016-09-01,1.09375
21216,2016-10-01,0.21875
21216,2016-11-01,0.8125
21216,2016-12-01,1.21875
21216,2017-01-01,0.0
21216,2017-02-01,0.0
21216,2017-03-01,0.0
21216,2017-04-01,0.5
21216,2017-05-01,0.0
21216,2017-06-01,0.0
21216,2017-07-01,0.0
21216,2017-08-01,0.0
21216,2017-09-01,0.0
21216,2017-10-01,0.0
21216,2017-11-01,0.0
21216,2017-12-01,0.0
21216,2018-01-01,0.0
21216,2018-02-01,0.0
21216,2018-03-01,0.0
21216,2018-04-01,0.0
21216,2018-05-01,0.0
21216,2018-06-01,0.0
21216,2018-07-01,0.0
21216,2018-08-01,0.0
21216,2018-09-01,0.0
21216,2018-10-01,0.0
21216,2018-11-01,0.0
21217,2015-01-01,0.15625
21217,2015-02-01,1.65625
21217,2015-03-01,0.0
21217,2015-04-01,0.0
21217,2015-05-01,0.0
21217,2015-06-01,0.0
21217,2015-07-01,0.0
21217,2015-08-01,0.0
21217,2015-09-01,0.0
21217,2015-10-01,0.0
21217,2015-11-01,0.0
21217,2015-12-01,0.0
21217,2016-01-01,0.0
21217,2016-02-01,0.0
21217,2016-03-01,0.0
21217,2016-04-01,0.0
21217,2016-05-01,0.0
21217,2016-06-01,0.0
21217,2016-07-01,0.0
21217,2016-08-01,0.0
21217,2016-09-01,0.0
21217,2016-10-01,0.0
21217,2016-11-01,0.0
21217,2016-12-01,0.0
21217,2017-01-01,0.0
21217,2017-02-01,0.0
21217,2017-03-01,0.0
21217,2017-04-01,0.0
21217,2017-05-01,0.0
21217,2017-06-01,0.0
21217,2017-07-01,0.0
21217,2017-08-01,0.0
21217,2017-09-01,0.0
21217,2017-10-01,0.0
21217,2017-11-01,0.0
21217,2017-12-01,0.0
21217,2018-01-01,0.0
21217,2018-02-01,0.0
21217,2018-03-01,0.0
21217,2018-04-01,0.0
21217,2018-05-01,0.0
21217,2018-06-01,0.0
21217,2018-07-01,0.0
21217,2018-08-01,0.0
21217,2018-09-01,0.0
21217,2018-10-01,0.0
21217,2018-11-01,0.0
21218,2015-01-01,1.09375
21218,2015-02-01,2.78125
21218,2015-03-01,0.0
21218,2015-04-01,0.0
21218,2015-05-01,0.0
21218,2015-06-01,0.0
21218,2015-07-01,0.0
21218,2015-08-01,0.0
21218,2015-09-01,0.0
21218,2015-10-01,0.0
21218,2015-11-01,0.0
21218,2015-12-01,0.0
21218,2016-01-01,0.0
21218,2016-02-01,0.0
21218,2016-03-01,0.0
21218,2016-04-01,0.0
21218,2016-05-01,0.0
21218,2016-06-01,0.0
21218,2016-07-01,0.0
21218,2016-08-01,0.0
21218,2016-09-01,0.0
21218,2016-10-01,0.0
21218,2016-11-01,0.0
21218,2016-12-01,0.0
21218,2017-01-01,0.0
21218,2017-02-01,0.0
21218,2017-03-01,0.0
21218,2017-04-01,0.0
21218,2017-05-01,0.0
21218,2017-06-01,0.0
21218,2017-07-01,0.0
21218,2017-08-01,0.0
21218,2017-09-01,0.0
21218,2017-10-01,0.0
21218,2017-11-01,0.0
21218,2017-12-01,0.0
21218,2018-01-01,0.0
21218,2018-02-01,0.0
21218,2018-03-01,0.0
21218,2018-04-01,0.0
21218,2018-05-01,0.0
21218,2018-06-01,0.0
21218,2018-07-01,0.0
21218,2018-08-01,0.0
21218,2018-09-01,0.0
21218,2018-10-01,0.0
21218,2018-11-01,0.0
21219,2015-07-01,9.96875
21219,2016-02-01,9.96875
21219,2016-05-01,9.96875
21219,2016-06-01,9.96875
21219,2016-11-01,9.96875
21219,2017-02-01,9.96875
21219,2017-03-01,9.96875
21219,2017-04-01,9.96875
21219,2017-05-01,9.96875
21219,2017-08-01,9.96875
21219,2017-11-01,9.9375
21219,2017-12-01,9.9375
21219,2018-03-01,9.59375
21219,2018-04-01,6.65625
21219,2018-05-01,9.9375
21219,2018-06-01,9.96875
21219,2018-07-01,9.96875
21219,2018-09-01,9.96875
21220,2016-08-01,9.96875
21220,2016-09-01,9.96875
21220,2017-01-01,9.96875
21220,2017-02-01,9.9375
21220,2017-03-01,9.875
21220,2017-05-01,9.9375
21220,2017-11-01,9.9375
21220,2018-02-01,9.90625
21221,2015-02-01,9.96875
21221,2015-03-01,9.84375
21221,2015-04-01,9.875
21221,2015-05-01,9.9375
21221,2015-06-01,9.9375
21221,2015-07-01,9.875
21221,2015-08-01,9.875
21221,2015-09-01,9.875
21221,2015-10-01,9.84375
21221,2015-11-01,9.75
21221,2015-12-01,9.875
21221,2016-01-01,9.875
21221,2016-02-01,9.9375
21221,2016-03-01,9.84375
21221,2016-04-01,9.78125
21221,2016-05-01,9.84375
21221,2016-06-01,9.84375
21221,2016-07-01,9.90625
21221,2016-08-01,9.90625
21221,2016-09-01,9.875
21221,2016-10-01,9.78125
21221,2016-11-01,9.875
21221,2016-12-01,9.90625
21221,2017-01-01,9.875
21221,2017-02-01,9.78125
21221,2017-03-01,9.71875
21221,2017-04-01,9.6875
21221,2017-05-01,9.9375
21221,2017-06-01,9.9375
21221,2017-07-01,9.875
21221,2017-08-01,9.78125
21221,2017-09-01,9.875
21221,2017-10-01,9.71875
21221,2017-11-01,9.84375
21221,2017-12-01,9.75
21221,2018-01-01,9.8125
21221,2018-02-01,9.84375
21221,2018-03-01,9.78125
21221,2018-04-01,9.8125
21221,2018-05-01,9.90625
21221,2018-07-01,9.875
21221,2018-08-01,9.9375
21221,2018-09-01,9.9375
21221,2018-10-01,9.96875
21221,2018-11-01,9.9375
21222,2015-01-01,9.96875
21222,2015-02-01,9.9375
21222,2015-03-01,9.90625
21222,2015-04-01,9.96875
21222,2015-05-01,9.875
21222,2015-06-01,9.9375
21222,2015-07-01,9.9375
21222,2015-08-01,9.96875
21222,2015-09-01,9.96875
21222,2015-10-01,9.875
21222,2015-11-01,9.9375
21222,2015-12-01,9.9375
21222,2016-01-01,9.875
21222,2016-02-01,9.96875
21222,2016-04-01,9.96875
21222,2016-05-01,9.8125
21222,2016-06-01,9.875
21222,2016-07-01,9.9375
21222,2016-08-01,9.90625
21222,2016-09-01,9.90625
21222,2016-10-01,9.90625
21222,2016-11-01,9.84375
21222,2016-12-01,9.9375
21222,2017-01-01,9.84375
21222,2017-02-01,9.875
21222,2017-03-01,9.84375
21222,2017-04-01,9.96875
21222,2017-05-01,9.90625
21222,2017-06-01,9.9375
21222,2017-07-01,9.875
21222,2017-08-01,9.84375
21222,2017-09-01,9.90625
21222,2017-10-01,9.9375
21222,2017-11-01,9.9375
21222,2017-12-01,9.8125
21222,2018-01-01,9.84375
21222,2018-02-01,9.96875
21222,2018-03-01,9.90625
21222,2018-05-01,9.875
21222,2018-06-01,9.96875
21222,2018-07-01,9.9375
21222,2018-10-01,9.90625
21222,2018-11-01,9.875
21223,2015-01-01,2.03125
21223,2015-02-01,3.4375
21223,2015-03-01,0.0
21223,2015-04-01,0.0
21223,2015-05-01,1.0
21223,2015-06-01,0.0
21223,2015-07-01,0.0
21223,2015-08-01,0.0
21223,2015-09-01,0.0
21223,2015-10-01,0.0
21223,2015-11-01,0.0
21223,2015-12-01,0.0
21223,2016-01-01,0.0
21223,2016-02-01,0.0
21223,2016-03-01,0.0
21223,2016-04-01,0.0
21223,2016-05-01,0.0
21223,2016-06-01,0.0
21223,2016-07-01,0.0
21223,2016-08-01,0.0
21223,2016-09-01,0.0
21223,2016-10-01,0.0
21223,2016-11-01,0.0
21223,2016-12-01,0.0
21223,2017-01-01,0.0
21223,2017-02-01,0.0
21223,2017-03-01,0.0
21223,2017-04-01,0.0
21223,2017-05-01,0.0
21223,2017-06-01,0.0
21223,2017-07-01,0.0
21223,2017-08-01,0.0
21223,2017-09-01,0.0
21223,2017-10-01,0.0
21223,2017-11-01,0.0
21223,2017-12-01,0.0
21223,2018-01-01,0.0
21223,2018-02-01,0.0
21223,2018-03-01,0.0
21223,2018-04-01,0.0
21223,2018-05-01,0.0
21223,2018-06-01,0.0
21223,2018-07-01,0.0
21223,2018-08-01,0.0
21223,2018-09-01,0.0
21223,2018-10-01,0.0
21223,2018-11-01,0.0
21224,2015-01-01,7.65625
21224,2015-02-01,8.3125
21224,2015-03-01,6.25
21224,2015-04-01,7.34375
21224,2015-05-01,8.0625
21224,2015-06-01,7.5
21224,2015-07-01,7.5
21224,2015-08-01,6.6875
21224,2015-09-01,5.5625
21224,2015-10-01,6.96875
21224,2015-11-01,7.625
21224,2015-12-01,6.0
21224,2016-01-01,6.71875
21224,2016-02-01,7.40625
21224,2016-03-01,7.75
21224,2016-04-01,6.75
21224,2016-05-01,5.90625
21224,2016-06-01,6.40625
21224,2016-07-01,6.4375
21224,2016-08-01,6.09375
21224,2016-09-01,5.9375
21224,2016-10-01,5.9375
21224,2016-11-01,6.09375
21224,2016-12-01,5.84375
21224,2017-01-01,6.125
21224,2017-02-01,6.9375
21224,2017-03-01,5.625
21224,2017-04-01,6.75
21224,2017-05-01,5.59375
21224,2017-06-01,6.46875
21224,2017-07-01,6.1875
21224,2017-08-01,7.03125
21224,2017-09-01,5.3125
21224,2017-10-01,5.46875
21224,2017-11-01,6.65625
21224,2017-12-01,5.75
21224,2018-01-01,5.75
21224,2018-02-01,6.375
21224,2018-03-01,5.59375
21224,2018-04-01,6.21875
21224,2018-05-01,6.78125
21224,2018-06-01,6.09375
21224,2018-07-01,6.0
21224,2018-08-01,5.90625
21224,2018-09-01,6.59375
21224,2018-10-01,6.03125
21224,2018-11-01,6.59375
21225,2015-01-01,6.84375
21225,2015-02-01,6.90625
21225,2015-03-01,4.96875
21225,2015-04-01,5.59375
21225,2015-05-01,6.96875
21225,2015-06-01,6.75
21225,2015-07-01,6.0625
21225,2015-08-01,5.65625
21225,2015-09-01,5.4375
21225,2015-10-01,5.90625
21225,2015-11-01,5.09375
21225,2015-12-01,6.15625
21225,2016-01-01,3.03125
21225,2016-02-01,3.71875
21225,2016-03-01,3.46875
21225,2016-04-01,5.25
21225,2016-05-01,3.96875
21225,2016-06-01,5.40625
21225,2016-07-01,3.90625
21225,2016-08-01,0.0
21225,2016-09-01,1.96875
21225,2016-10-01,3.40625
21225,2016-11-01,4.78125
21225,2016-12-01,5.25
21225,2017-01-01,2.28125
21225,2017-02-01,3.0625
21225,2017-03-01,2.28125
21225,2017-04-01,2.375
21225,2017-05-01,3.125
21225,2017-06-01,2.90625
21225,2017-07-01,4.0625
21225,2017-08-01,2.78125
21225,2017-09-01,3.78125
21225,2017-10-01,3.875
21225,2017-11-01,4.84375
21225,2017-12-01,5.15625
21225,2018-01-01,2.71875
21225,2018-02-01,4.25
21225,2018-03-01,3.375
21225,2018-04-01,2.1875
21225,2018-05-01,0.90625
21225,2018-06-01,3.15625
21225,2018-07-01,2.03125
21225,2018-08-01,0.96875
21225,2018-09-01,3.34375
21225,2018-10-01,3.78125
21225,2018-11-01,2.90625
21226,2015-01-01,9.9375
21226,2015-02-01,9.9375
21226,2015-03-01,9.75
21226,2015-04-01,9.78125
21226,2015-05-01,9.96875
21226,2015-06-01,9.9375
21226,2015-07-01,9.875
21226,2015-08-01,9.90625
21226,2015-09-01,9.96875
21226,2015-10-01,9.875
21226,2015-11-01,9.9375
21226,2015-12-01,9.9375
21226,2016-01-01,9.90625
21226,2016-02-01,9.90625
21226,2016-03-01,9.75
21226,2016-04-01,9.90625
21226,2016-05-01,9.8125
21226,2016-06-01,9.6875
21226,2016-07-01,9.90625
21226,2016-08-01,9.96875
21226,2016-09-01,9.8125
21226,2016-10-01,9.875
21226,2016-11-01,9.96875
21226,2016-12-01,9.9375
21226,2017-01-01,9.71875
21226,2017-02-01,9.78125
21226,2017-03-01,9.84375
21226,2017-04-01,9.78125
21226,2017-05-01,9.96875
21226,2017-06-01,9.78125
21226,2017-07-01,9.875
21226,2017-08-01,9.75
21226,2017-09-01,9.875
21226,2017-10-01,9.65625
21226,2017-11-01,9.6875
21226,2017-12-01,9.8125
21226,2018-01-01,9.71875
21226,2018-02-01,9.90625
21226,2018-03-01,9.9375
21226,2018-04-01,9.90625
21226,2018-05-01,9.8125
21226,2018-06-01,9.6875
21226,2018-07-01,9.59375
21226,2018-08-01,9.65625
21226,2018-09-01,9.84375
21226,2018-10-01,9.71875
21226,2018-11-01,9.78125
21227,2015-01-01,9.40625
21227,2015-02-01,9.4375
21227,2015-03-01,8.8125
21227,2015-04-01,8.6875
21227,2015-05-01,9.40625
21227,2015-06-01,9.03125
21227,2015-07-01,8.78125
21227,2015-08-01,9.09375
21227,2015-09-01,9.34375
21227,2015-10-01,8.59375
21227,2015-11-01,8.90625
21227,2015-12-01,8.5625
21227,2016-01-01,8.9375
21227,2016-02-01,8.875
21227,2016-03-01,8.59375
21227,2016-04-01,9.125
21227,2016-05-01,8.1875
21227,2016-06-01,8.78125
21227,2016-07-01,8.5625
21227,2016-08-01,8.5
21227,2016-09-01,8.875
21227,2016-10-01,8.78125
21227,2016-11-01,8.78125
21227,2016-12-01,8.71875
21227,2017-01-01,8.78125
21227,2017-02-01,9.03125
21227,2017-03-01,8.5
21227,2017-04-01,8.625
21227,2017-05-01,8.84375
21227,2017-06-01,8.8125
21227,2017-07-01,8.65625
21227,2017-08-01,7.75
21227,2017-09-01,7.84375
21227,2017-10-01,8.0625
21227,2017-11-01,8.25
21227,2017-12-01,8.375
21227,2018-01-01,7.5
21227,2018-02-01,8.59375
21227,2018-03-01,8.875
21227,2018-04-01,7.84375
21227,2018-05-01,8.40625
21227,2018-06-01,8.59375
21227,2018-07-01,8.4375
21227,2018-08-01,8.8125
21227,2018-09-01,8.90625
21227,2018-10-01,8.9375
21227,2018-11-01,8.25
21228,2015-01-01,9.84375
21228,2015-02-01,9.90625
21228,2015-03-01,9.875
21228,2015-04-01,9.8125
21228,2015-05-01,9.9375
21228,2015-06-01,9.875
21228,2015-07-01,9.8125
21228,2015-08-01,9.84375
21228,2015-09-01,9.8125
21228,2015-10-01,9.75
21228,2015-11-01,9.78125
21228,2015-12-01,9.875
21228,2016-01-01,9.8125
21228,2016-02-01,9.46875
21228,2016-03-01,9.8125
21228,2016-04-01,9.8125
21228,2016-05-01,9.625
21228,2016-06-01,9.8125
21228,2016-07-01,9.71875
21228,2016-08-01,9.875
21228,2016-09-01,9.8125
21228,2016-10-01,9.71875
21228,2016-11-01,9.6875
21228,2016-12-01,9.75
21228,2017-01-01,9.71875
21228,2017-02-01,9.78125
21228,2017-03-01,9.53125
21228,2017-04-01,9.75
21228,2017-05-01,9.90625
21228,2017-06-01,9.875
21228,2017-07-01,9.9375
21228,2017-08-01,9.6875
21228,2017-09-01,9.875
21228,2017-10-01,9.65625
21228,2017-11-01,9.8125
21228,2017-12-01,9.75
21228,2018-01-01,9.65625
21228,2018-02-01,9.78125
21228,2018-03-01,9.875
21228,2018-04-01,9.8125
21228,2018-05-01,9.84375
21228,2018-06-01,9.8125
21228,2018-07-01,9.5625
21228,2018-08-01,9.78125
21228,2018-09-01,9.875
21228,2018-10-01,9.65625
21228,2018-11-01,9.90625
21229,2015-01-01,6.0625
21229,2015-02-01,5.96875
21229,2015-03-01,0.0
21229,2015-04-01,0.0
21229,2015-05-01,5.1875
21229,2015-06-01,3.75
21229,2015-07-01,3.6875
21229,2015-08-01,2.21875
21229,2015-09-01,3.0625
21229,2015-10-01,3.125
21229,2015-11-01,3.3125
21229,2015-12-01,3.15625
21229,2016-01-01,4.09375
21229,2016-02-01,1.84375
21229,2016-03-01,1.28125
21229,2016-04-01,2.90625
21229,2016-05-01,4.125
21229,2016-06-01,2.625
21229,2016-07-01,3.78125
21229,2016-08-01,4.125
21229,2016-09-01,4.1875
21229,2016-10-01,3.9375
21229,2016-11-01,3.59375
21229,2016-12-01,4.375
21229,2017-01-01,3.375
21229,2017-02-01,4.0625
21229,2017-03-01,3.40625
21229,2017-04-01,3.25
21229,2017-05-01,4.0625
21229,2017-06-01,2.96875
21229,2017-07-01,2.40625
21229,2017-08-01,1.53125
21229,2017-09-01,3.9375
21229,2017-10-01,2.34375
21229,2017-11-01,3.3125
21229,2017-12-01,2.21875
21229,2018-01-01,1.75
21229,2018-02-01,3.21875
21229,2018-03-01,2.625
21229,2018-04-01,0.0
21229,2018-05-01,0.75
21229,2018-06-01,2.78125
21229,2018-07-01,0.03125
21229,2018-08-01,0.625
21229,2018-09-01,2.15625
21229,2018-10-01,0.0
21229,2018-11-01,0.0
21230,2015-01-01,6.375
21230,2015-02-01,6.625
21230,2015-03-01,2.59375
21230,2015-04-01,3.84375
21230,2015-05-01,5.75
21230,2015-06-01,5.375
21230,2015-07-01,3.84375
21230,2015-08-01,4.5
21230,2015-09-01,5.40625
21230,2015-10-01,4.40625
21230,2015-11-01,4.5
21230,2015-12-01,5.0
21230,2016-01-01,4.65625
21230,2016-02-01,4.40625
21230,2016-03-01,3.375
21230,2016-04-01,4.375
21230,2016-05-01,4.40625
21230,2016-06-01,4.8125
21230,2016-07-01,3.5
21230,2016-08-01,3.21875
21230,2016-09-01,4.71875
21230,2016-10-01,4.65625
21230,2016-11-01,5.0625
21230,2016-12-01,5.34375
21230,2017-01-01,4.84375
21230,2017-02-01,5.125
21230,2017-03-01,4.03125
21230,2017-04-01,4.25
21230,2017-05-01,3.625
21230,2017-06-01,3.71875
21230,2017-07-01,4.65625
21230,2017-08-01,4.53125
21230,2017-09-01,4.4375
21230,2017-10-01,4.71875
21230,2017-11-01,4.34375
21230,2017-12-01,3.375
21230,2018-01-01,3.125
21230,2018-02-01,4.03125
21230,2018-03-01,2.21875
21230,2018-04-01,4.15625
21230,2018-05-01,3.0
21230,2018-06-01,2.375
21230,2018-07-01,4.1875
21230,2018-08-01,3.6875
21230,2018-09-01,3.28125
21230,2018-10-01,4.65625
21230,2018-11-01,5.125
21231,2015-01-01,1.84375
21231,2015-02-01,2.75
21231,2015-03-01,0.0
21231,2015-04-01,0.0
21231,2015-05-01,0.0
21231,2015-06-01,0.0
21231,2015-07-01,0.0
21231,2015-08-01,0.0
21231,2015-09-01,0.0
21231,2015-10-01,0.0
21231,2015-11-01,0.0
21231,2015-12-01,0.0
21231,2016-01-01,0.0
21231,2016-02-01,0.0
21231,2016-03-01,0.0
21231,2016-04-01,0.0
21231,2016-05-01,0.0
21231,2016-06-01,0.0
21231,2016-07-01,0.0
21231,2016-08-01,0.0
21231,2016-09-01,0.0
21231,2016-10-01,0.0
21231,2016-11-01,0.0
21231,2016-12-01,0.0
21231,2017-01-01,0.0
21231,2017-02-01,0.0
21231,2017-03-01,0.0
21231,2017-04-01,0.0
21231,2017-05-01,0.0
21231,2017-06-01,0.0
21231,2017-07-01,0.0
21231,2017-08-01,0.0
21231,2017-09-01,0.0
21231,2017-10-01,0.0
21231,2017-11-01,0.0
21231,2017-12-01,0.0
21231,2018-01-01,0.0
21231,2018-02-01,0.0
21231,2018-03-01,0.0
21231,2018-04-01,0.0
21231,2018-05-01,0.0
21231,2018-06-01,0.0
21231,2018-07-01,0.0
21231,2018-08-01,0.0
21231,2018-09-01,0.0
21231,2018-10-01,0.0
21231,2018-11-01,0.0
21234,2015-01-01,9.78125
21234,2015-02-01,9.875
21234,2015-03-01,9.84375
21234,2015-04-01,9.875
21234,2015-05-01,9.75
21234,2015-06-01,9.875
21234,2015-07-01,9.96875
21234,2015-08-01,9.75
21234,2015-09-01,9.84375
21234,2015-10-01,9.78125
21234,2015-11-01,9.8125
21234,2015-12-01,9.84375
21234,2016-01-01,9.875
21234,2016-02-01,9.8125
21234,2016-03-01,9.84375
21234,2016-04-01,9.8125
21234,2016-05-01,9.9375
21234,2016-06-01,9.9375
21234,2016-07-01,9.9375
21234,2016-08-01,9.90625
21234,2016-09-01,9.90625
21234,2016-10-01,9.9375
21234,2016-11-01,9.78125
21234,2016-12-01,9.84375
21234,2017-01-01,9.875
21234,2017-02-01,9.90625
21234,2017-03-01,9.90625
21234,2017-04-01,9.84375
21234,2017-05-01,9.96875
21234,2017-06-01,9.90625
21234,2017-07-01,9.875
21234,2017-09-01,9.8125
21234,2017-10-01,9.90625
21234,2017-11-01,9.84375
21234,2017-12-01,9.6875
21234,2018-01-01,9.625
21234,2018-02-01,9.8125
21234,2018-03-01,9.65625
21234,2018-04-01,9.8125
21234,2018-05-01,9.46875
21234,2018-06-01,9.53125
21234,2018-07-01,9.65625
21234,2018-08-01,9.6875
21234,2018-09-01,9.71875
21234,2018-10-01,9.71875
21234,2018-11-01,9.875
21236,2016-08-01,9.96875
21236,2016-10-01,9.9375
21236,2017-11-01,9.96875
21237,2015-01-01,9.96875
21237,2015-05-01,9.96875
21237,2015-09-01,9.9375
21237,2015-12-01,9.96875
21237,2016-01-01,9.9375
21237,2016-04-01,9.96875
21237,2016-05-01,9.90625
21237,2016-06-01,9.90625
21237,2016-09-01,9.90625
21237,2016-11-01,9.96875
21237,2017-02-01,9.9375
21237,2017-03-01,9.875
21237,2017-04-01,9.96875
21237,2017-05-01,9.96875
21237,2017-06-01,9.9375
21237,2017-07-01,9.875
21237,2017-08-01,9.90625
21237,2017-11-01,9.96875
21237,2018-01-01,9.9375
21237,2018-02-01,9.96875
21237,2018-05-01,9.96875
21237,2018-06-01,9.96875
21237,2018-07-01,9.90625
21237,2018-09-01,9.90625
21237,2018-10-01,9.9375
21239,2015-01-01,7.34375
21239,2015-02-01,7.6875
21239,2015-03-01,6.90625
21239,2015-04-01,7.28125
21239,2015-05-01,6.40625
21239,2015-06-01,7.625
21239,2015-07-01,7.375
21239,2015-08-01,7.375
21239,2015-09-01,7.0
21239,2015-10-01,6.3125
21239,2015-11-01,7.5
21239,2015-12-01,7.8125
21239,2016-01-01,7.0625
21239,2016-02-01,6.8125
21239,2016-03-01,6.6875
21239,2016-04-01,7.0625
21239,2016-05-01,7.125
21239,2016-06-01,7.1875
21239,2016-07-01,6.75
21239,2016-08-01,7.53125
21239,2016-09-01,7.5
21239,2016-10-01,6.21875
21239,2016-11-01,6.09375
21239,2016-12-01,6.15625
21239,2017-01-01,7.1875
21239,2017-02-01,7.875
21239,2017-03-01,7.625
21239,2017-04-01,7.625
21239,2017-05-01,6.4375
21239,2017-06-01,7.09375
21239,2017-07-01,6.90625
21239,2017-08-01,6.6875
21239,2017-09-01,7.0
21239,2017-10-01,7.46875
21239,2017-11-01,7.0
21239,2017-12-01,6.78125
21239,2018-01-01,6.84375
21239,2018-02-01,7.1875
21239,2018-03-01,7.0
21239,2018-04-01,6.625
21239,2018-05-01,6.0625
21239,2018-06-01,7.0625
21239,2018-07-01,7.53125
21239,2018-08-01,7.09375
21239,2018-09-01,7.15625
21239,2018-10-01,6.84375
21239,2018-11-01,6.46875
21244,2015-01-01,9.9375
21244,2015-02-01,9.75
21244,2015-03-01,9.9375
21244,2015-04-01,9.90625
21244,2015-05-01,9.9375
21244,2015-06-01,9.9375
21244,2015-07-01,9.96875
21244,2015-08-01,9.90625
21244,2015-09-01,9.96875
21244,2015-10-01,9.90625
21244,2015-11-01,9.875
21244,2015-12-01,9.90625
21244,2016-02-01,9.875
21244,2016-03-01,9.9375
21244,2016-04-01,9.84375
21244,2016-05-01,9.96875
21244,2016-06-01,9.875
21244,2016-07-01,9.9375
21244,2016-08-01,9.96875
21244,2016-09-01,9.84375
21244,2016-10-01,9.6875
21244,2016-11-01,9.875
21244,2016-12-01,9.8125
21244,2017-01-01,9.875
21244,2017-02-01,9.71875
21244,2017-03-01,9.875
21244,2017-04-01,9.90625
21244,2017-05-01,9.96875
21244,2017-06-01,9.90625
21244,2017-07-01,9.875
21244,2017-08-01,9.90625
21244,2017-11-01,9.9375
21244,2017-12-01,9.90625
21244,2018-01-01,9.84375
21244,2018-02-01,9.9375
21244,2018-03-01,9.96875
21244,2018-04-01,9.875
21244,2018-05-01,9.9375
21244,2018-06-01,9.9375
21244,2018-08-01,9.9375
21244,2018-09-01,9.84375
21244,2018-11-01,9.875
21286,2015-03-01,9.96875
21286,2015-05-01,9.96875
21286,2015-09-01,9.96875
21286,2016-06-01,9.90625
21286,2016-12-01,9.96875
21286,2017-03-01,9.96875
21286,2017-05-01,9.96875
21286,2017-08-01,9.96875
21286,2017-10-01,9.96875
21286,2017-11-01,9.96875
21286,2017-12-01,9.96875
21286,2018-01-01,9.96875
21286,2018-08-01,9.9375
21286,2018-11-01,9.96875
21401,2015-12-01,9.96875
21401,2016-07-01,9.96875
21402,2015-04-01,9.96875
21402,2017-05-01,9.96875
21601,2015-08-01,9.96875
21601,2017-05-01,9.96875
21601,2018-05-01,9.96875
21601,2018-08-01,9.96875
21617,2015-03-01,9.875
21617,2015-04-01,9.9375
21617,2015-05-01,9.96875
21617,2015-06-01,9.90625
21617,2015-07-01,9.9375
21617,2015-08-01,9.78125
21617,2015-09-01,9.90625
21617,2015-10-01,9.9375
21617,2015-11-01,9.90625
21617,2016-01-01,9.8125
21617,2016-02-01,9.9375
21617,2016-03-01,9.9375
21617,2016-04-01,9.875
21617,2016-05-01,9.90625
21617,2016-06-01,9.9375
21617,2016-08-01,9.8125
21617,2016-09-01,9.84375
21617,2016-10-01,9.84375
21617,2016-12-01,9.9375
21617,2017-01-01,9.9375
21617,2017-02-01,9.90625
21617,2017-03-01,9.84375
21617,2017-04-01,9.96875
21617,2017-05-01,9.84375
21617,2017-06-01,9.75
21617,2017-07-01,9.78125
21617,2017-08-01,9.75
21617,2017-09-01,9.59375
21617,2017-10-01,9.71875
21617,2017-11-01,9.65625
21617,2017-12-01,9.6875
21617,2018-01-01,9.625
21617,2018-02-01,9.71875
21617,2018-03-01,9.84375
21617,2018-04-01,9.28125
21617,2018-05-01,9.0
21617,2018-06-01,9.4375
21617,2018-07-01,9.5
21617,2018-08-01,9.625
21617,2018-09-01,9.34375
21617,2018-10-01,7.84375
21617,2018-11-01,9.0625
21620,2017-09-01,9.96875
21629,2017-06-01,9.96875
21629,2018-02-01,9.96875
21629,2018-09-01,9.96875
21631,2018-02-01,9.96875
21643,2015-03-01,9.96875
21643,2015-04-01,9.84375
21643,2015-06-01,9.96875
21643,2015-07-01,9.90625
21643,2015-08-01,9.90625
21643,2015-09-01,9.9375
21643,2015-10-01,9.96875
21643,2015-11-01,9.9375
21643,2015-12-01,9.90625
21643,2016-01-01,9.84375
21643,2016-02-01,9.96875
21643,2016-03-01,9.9375
21643,2016-04-01,9.90625
21643,2016-05-01,9.9375
21643,2016-06-01,9.78125
21643,2016-07-01,9.75
21643,2016-08-01,9.875
21643,2016-09-01,9.875
21643,2016-10-01,9.78125
21643,2016-11-01,9.875
21643,2016-12-01,9.875
21643,2017-01-01,9.9375
21643,2017-02-01,9.96875
21643,2017-03-01,9.84375
21643,2017-04-01,9.78125
21643,2017-05-01,9.96875
21643,2017-06-01,9.96875
21643,2017-08-01,9.96875
21643,2017-09-01,9.90625
21643,2017-10-01,9.75
21643,2017-11-01,9.84375
21643,2017-12-01,9.9375
21643,2018-01-01,9.96875
21643,2018-02-01,9.78125
21643,2018-04-01,9.96875
21643,2018-05-01,9.90625
21643,2018-06-01,9.96875
21643,2018-07-01,9.84375
21643,2018-08-01,9.9375
21643,2018-09-01,9.96875
21643,2018-10-01,9.96875
21643,2018-11-01,9.90625
21647,2016-12-01,9.9375
21647,2017-02-01,9.96875
21647,2017-03-01,9.96875
21647,2017-05-01,9.9375
21647,2017-07-01,9.96875
21647,2017-08-01,9.96875
21647,2017-11-01,9.9375
21647,2018-02-01,9.96875
21647,2018-03-01,9.96875
21647,2018-04-01,9.96875
21647,2018-07-01,9.9375
21647,2018-11-01,9.96875
21655,2015-05-01,9.96875
21655,2016-01-01,9.96875
21655,2016-05-01,9.96875
21655,2016-10-01,9.96875
21655,2017-10-01,9.9375
21655,2017-11-01,9.90625
21655,2018-01-01,9.96875
21655,2018-10-01,9.96875
21660,2016-02-01,9.96875
21660,2017-02-01,9.96875
21660,2017-04-01,9.96875
21660,2017-10-01,9.96875
21661,2017-08-01,9.96875
21661,2017-09-01,9.96875
21661,2017-11-01,9.96875
21661,2018-03-01,9.96875
21661,2018-04-01,9.96875
21661,2018-06-01,9.9375
21661,2018-07-01,9.9375
21661,2018-10-01,9.9375
21663,2015-09-01,9.96875
21663,2016-03-01,9.96875
21663,2016-10-01,9.9375
21663,2017-02-01,9.96875
21663,2017-06-01,9.96875
21663,2017-11-01,9.96875
21668,2015-10-01,9.96875
21668,2015-11-01,9.96875
21668,2018-08-01,9.96875
21673,2016-11-01,9.96875
21677,2015-06-01,9.96875
21677,2015-10-01,9.96875
21677,2015-12-01,9.96875
21677,2016-02-01,9.84375
21677,2016-03-01,9.84375
21677,2016-04-01,9.96875
21677,2016-05-01,9.84375
21677,2016-06-01,9.875
21677,2016-07-01,9.9375
21677,2016-08-01,9.8125
21677,2016-09-01,9.96875
21677,2016-10-01,9.96875
21677,2016-11-01,9.96875
21677,2016-12-01,9.96875
21677,2017-01-01,9.96875
21677,2017-02-01,9.9375
21677,2017-03-01,9.96875
21677,2017-06-01,9.96875
21677,2017-07-01,9.96875
21677,2017-09-01,9.96875
21677,2017-10-01,9.96875
21677,2017-12-01,9.875
21677,2018-01-01,9.9375
21677,2018-03-01,9.96875
21677,2018-04-01,9.96875
21677,2018-05-01,9.9375
21677,2018-06-01,9.8125
21677,2018-07-01,9.875
21677,2018-10-01,9.9375
21677,2018-11-01,9.96875
21678,2018-08-01,9.96875
21701,2016-11-01,9.96875
21703,2015-03-01,9.96875
21703,2015-04-01,9.96875
21703,2015-10-01,9.84375
21703,2016-03-01,9.96875
21703,2016-04-01,9.96875
21703,2016-06-01,9.96875
21703,2016-07-01,9.9375
21703,2016-08-01,9.9375
21703,2016-09-01,9.96875
21703,2016-10-01,9.96875
21703,2016-11-01,9.96875
21703,2016-12-01,9.96875
21703,2017-02-01,9.96875
21703,2017-03-01,9.96875
21703,2017-05-01,9.96875
21703,2017-08-01,9.96875
21703,2017-09-01,9.9375
21703,2017-12-01,9.9375
21703,2018-01-01,9.96875
21703,2018-02-01,9.9375
21703,2018-03-01,9.9375
21703,2018-05-01,9.90625
21703,2018-10-01,9.96875
21704,2018-04-01,9.90625
21727,2015-03-01,9.8125
21727,2015-04-01,9.875
21727,2015-05-01,9.9375
21727,2015-06-01,9.96875
21727,2015-07-01,9.84375
21727,2015-08-01,9.84375
21727,2015-09-01,9.9375
21727,2015-10-01,9.78125
21727,2015-11-01,9.90625
21727,2015-12-01,9.875
21727,2016-01-01,9.96875
21727,2016-02-01,9.90625
21727,2016-03-01,9.875
21727,2016-04-01,9.84375
21727,2016-05-01,9.78125
21727,2016-06-01,9.84375
21727,2016-07-01,9.90625
21727,2016-09-01,9.9375
21727,2016-10-01,9.875
21727,2016-11-01,9.8125
21727,2016-12-01,9.9375
21727,2017-01-01,9.6875
21727,2017-02-01,9.8125
21727,2017-03-01,9.84375
21727,2017-04-01,9.96875
21727,2017-05-01,9.75
21727,2017-06-01,9.875
21727,2017-07-01,9.84375
21727,2017-08-01,9.6875
21727,2017-09-01,9.875
21727,2017-10-01,9.75
21727,2017-11-01,9.75
21727,2017-12-01,9.75
21727,2018-01-01,9.90625
21727,2018-02-01,9.65625
21727,2018-03-01,9.625
21727,2018-04-01,9.71875
21727,2018-05-01,9.84375
21727,2018-06-01,9.8125
21727,2018-07-01,9.34375
21727,2018-08-01,9.8125
21727,2018-09-01,9.6875
21727,2018-10-01,9.46875
21727,2018-11-01,9.78125
21733,2018-05-01,9.96875
21742,2015-03-01,9.84375
21742,2015-04-01,9.875
21742,2015-05-01,9.96875
21742,2015-06-01,9.90625
21742,2015-07-01,9.90625
21742,2015-08-01,9.9375
21742,2015-09-01,9.96875
21742,2015-10-01,9.90625
21742,2015-11-01,9.75
21742,2015-12-01,9.96875
21742,2016-01-01,9.90625
21742,2016-02-01,9.96875
21742,2016-03-01,9.9375
21742,2016-04-01,9.9375
21742,2016-05-01,9.875
21742,2016-06-01,9.90625
21742,2016-07-01,9.875
21742,2016-08-01,9.78125
21742,2016-09-01,9.875
21742,2016-10-01,9.90625
21742,2016-11-01,9.96875
21742,2017-01-01,9.875
21742,2017-02-01,9.71875
21742,2017-03-01,9.84375
21742,2017-04-01,9.9375
21742,2017-05-01,9.8125
21742,2017-06-01,9.78125
21742,2017-07-01,9.84375
21742,2017-08-01,9.875
21742,2017-09-01,9.78125
21742,2017-10-01,9.53125
21742,2017-11-01,9.84375
21742,2017-12-01,9.8125
21742,2018-01-01,9.78125
21742,2018-02-01,9.78125
21742,2018-03-01,9.84375
21742,2018-04-01,9.15625
21742,2018-05-01,9.03125
21742,2018-06-01,9.53125
21742,2018-07-01,9.53125
21742,2018-08-01,9.375
21742,2018-09-01,9.09375
21742,2018-10-01,8.25
21742,2018-11-01,8.59375
21755,2015-12-01,9.96875
21756,2015-03-01,9.96875
21756,2016-04-01,9.96875
21756,2017-09-01,9.96875
21756,2018-10-01,9.96875
21767,2015-08-01,9.96875
21767,2015-10-01,9.96875
21767,2015-11-01,9.90625
21767,2016-02-01,9.625
21767,2016-03-01,9.71875
21767,2016-05-01,9.875
21767,2016-06-01,9.96875
21767,2016-09-01,9.9375
21767,2016-11-01,9.96875
21767,2016-12-01,9.96875
21767,2017-01-01,9.9375
21767,2017-02-01,9.9375
21767,2017-03-01,9.9375
21767,2017-05-01,9.8125
21767,2017-06-01,9.875
21767,2017-07-01,9.65625
21767,2017-10-01,9.96875
21767,2018-01-01,9.96875
21767,2018-03-01,9.96875
21767,2018-05-01,9.96875
21767,2018-08-01,9.96875
21767,2018-10-01,9.96875
21773,2015-12-01,9.96875
21773,2016-03-01,9.96875
21773,2016-10-01,9.96875
21773,2016-12-01,9.96875
21773,2017-11-01,9.96875
21773,2018-05-01,9.96875
21773,2018-07-01,9.96875
21774,2015-04-01,9.96875
21774,2015-08-01,9.96875
21774,2016-02-01,9.9375
21774,2016-03-01,9.96875
21774,2017-05-01,9.96875
21774,2017-11-01,9.96875
21774,2017-12-01,9.96875
21774,2018-01-01,9.96875
21774,2018-04-01,9.96875
21776,2016-01-01,9.96875
21776,2016-09-01,9.96875
21776,2016-10-01,9.96875
21776,2016-12-01,9.96875
21776,2017-01-01,9.96875
21776,2017-07-01,9.96875
21776,2018-01-01,9.96875
21776,2018-07-01,9.875
21776,2018-09-01,9.96875
21777,2016-05-01,9.96875
21777,2018-05-01,9.96875
21779,2016-08-01,9.96875
21779,2017-01-01,9.96875
21779,2017-11-01,9.96875
21783,2015-12-01,9.9375
21783,2016-11-01,9.9375
21784,2018-11-01,9.96875
21788,2015-08-01,9.96875
21788,2015-12-01,9.9375
21788,2016-06-01,9.75
21788,2016-08-01,9.96875
21788,2016-09-01,9.96875
21788,2016-10-01,9.96875
21788,2016-11-01,9.96875
21788,2017-04-01,9.96875
21788,2017-06-01,9.9375
21788,2017-08-01,9.96875
21788,2017-11-01,9.875
21788,2018-01-01,9.9375
21788,2018-04-01,9.96875
21788,2018-05-01,9.9375
21788,2018-06-01,9.96875
21788,2018-07-01,9.9375
21791,2015-04-01,9.875
21791,2015-05-01,9.9375
21791,2015-06-01,9.9375
21791,2015-07-01,9.96875
21791,2015-08-01,9.96875
21791,2015-10-01,9.90625
21791,2016-01-01,9.9375
21791,2016-02-01,9.96875
21791,2016-03-01,9.96875
21791,2016-04-01,9.875
21791,2016-05-01,9.9375
21791,2016-06-01,9.9375
21791,2016-07-01,9.9375
21791,2016-08-01,9.90625
21791,2016-09-01,9.90625
21791,2016-10-01,9.9375
21791,2016-11-01,9.96875
21791,2016-12-01,9.875
21791,2017-01-01,9.9375
21791,2017-02-01,9.96875
21791,2017-03-01,9.96875
21791,2017-04-01,9.96875
21791,2017-05-01,9.90625
21791,2017-06-01,9.90625
21791,2017-07-01,9.875
21791,2017-08-01,9.875
21791,2017-09-01,9.9375
21791,2017-10-01,9.90625
21791,2017-11-01,9.9375
21791,2018-01-01,9.9375
21791,2018-04-01,9.90625
21791,2018-06-01,9.8125
21791,2018-07-01,9.96875
21791,2018-08-01,9.9375
21791,2018-09-01,9.90625
21791,2018-10-01,9.875
21791,2018-11-01,9.8125
21797,2018-09-01,9.96875
21798,2017-12-01,9.96875
21837,2017-07-01,9.96875
21904,2016-05-01,9.96875
21904,2016-08-01,9.96875
21904,2016-10-01,9.90625
21904,2017-08-01,9.96875
21904,2018-05-01,9.96875
21915,2017-01-01,9.96875
21915,2018-10-01,9.96875
21921,2015-03-01,9.6875
21921,2015-04-01,9.875
21921,2015-05-01,9.71875
21921,2015-06-01,9.71875
21921,2015-07-01,9.59375
21921,2015-08-01,9.78125
21921,2015-09-01,9.65625
21921,2015-10-01,9.875
21921,2015-11-01,9.6875
21921,2015-12-01,9.5625
21921,2016-01-01,9.8125
21921,2016-02-01,9.6875
21921,2016-03-01,9.8125
21921,2016-04-01,9.84375
21921,2016-05-01,9.5625
21921,2016-06-01,9.78125
21921,2016-07-01,9.875
21921,2016-08-01,9.78125
21921,2016-09-01,9.8125
21921,2016-10-01,9.6875
21921,2016-11-01,9.78125
21921,2016-12-01,9.84375
21921,2017-01-01,9.75
21921,2017-02-01,9.78125
21921,2017-03-01,9.71875
21921,2017-04-01,9.84375
21921,2017-05-01,9.75
21921,2017-06-01,9.78125
21921,2017-07-01,9.5625
21921,2017-08-01,9.78125
21921,2017-09-01,9.90625
21921,2017-10-01,9.75
21921,2017-11-01,9.71875
21921,2017-12-01,9.75
21921,2018-01-01,9.6875
21921,2018-02-01,9.75
21921,2018-03-01,9.53125
21921,2018-04-01,8.0625
21921,2018-05-01,8.0625
21921,2018-06-01,8.625
21921,2018-07-01,9.3125
21921,2018-08-01,8.71875
21921,2018-09-01,8.40625
21921,2018-10-01,6.5625
21921,2018-11-01,7.8125
