LAT,LONG,ZIP
39.33036,-76.53478,21206
39.33036,-76.53478,21206
39.33036,-76.53478,21206
39.33036,-76.53478,21206
39.33036,-76.53478,21206
39.33036,-76.53478,21206
39.33036,-76.53478,21206
39.33036,-76.53478,21206
39.33036,-76.53478,21206
39.33036,-76.53478,21206
39.33036,-76.53478,21206
39.33036,-76.53478,21206
39.33036,-76.53478,21206
39.33036,-76.53478,21206
39.33036,-76.53478,21206
39.33036,-76.53478,21206
39.33036,-76.53478,21206
39.33036,-76.53478,21206
39.33036,-76.53478,21206
39.33036,-76.53478,21206
39.33036,-76.53478,21206
39.33036,-76.53478,21206
39.33036,-76.53478,21206
39.33036,-76.53478,21206
39.33036,-76.53478,21206
39.33036,-76.53478,21206
39.33036,-76.53478,21206
39.33036,-76.53478,21206
39.33036,-76.53478,21206
39.33036,-76.53478,21206
39.33036,-76.53478,21206
39.33036,-76.53478,21206
39.33036,-76.53478,21206
39.33036,-76.53478,21206
39.33036,-76.53478,21206
39.33036,-76.53478,21206
39.33036,-76.53478,21206
39.33036,-76.53478,21206
39.33036,-76.53478,21206
39.33036,-76.53478,21206
39.33036,-76.53478,21206
39.33036,-76.53478,21206
39.33036,-76.53478,21206
39.33036,-76.53478,21206
39.33036,-76.53478,21206
39.33036,-76.53478,21206
39.33036,-76.53478,21206
39.33036,-76.53478,21206
39.33036,-76.53478,21206
39.33036,-76.53478,21206
39.33036,-76.53478,21206
39.33036,-76.53478,21206
39.33036,-76.53478,21206
39.33036,-76.53478,21206
39.33036,-76.53478,21206
39.33036,-76.53478,21206
39.33036,-76.53478,21206
39.33036,-76.53478,21206
39.33036,-76.53478,21206
39.33036,-76.53478,21206
39.33036,-76.53478,21206
39.33036,-76.53478,21206
39.33036,-76.53478,21206
39.33036,-76.53478,21206
39.33036,-76.53478,21206
39.33036,-76.53478,21206
39.33036,-76.53478,21206
39.33036,-76.53478,21206
39.33036,-76.53478,21206
39.33036,-76.53478,21206
39.33036,-76.53478,21206
39.33036,-76.53478,21206
39.33036,-76.53478,21206
39.33036,-76.53478,21206
39.33036,-76.53478,21206
39.33036,-76.53478,21206
39.33036,-76.53478,21206
39.33036,-76.53478,21206
39.33036,-76.53478,21206
39.33036,-76.53478,21206
39.33036,-76.53478,21206
39.33036,-76.53478,21206
39.33036,-76.53478,21206
39.33036,-76.53478,21206
39.33036,-76.53478,21206
39.33036,-76.53478,21206
39.33036,-76.53478,21206
39.33036,-76.53478,21206
39.33036,-76.53478,21206
39.33036,-76.53478,21206
39.33036,-76.53478,21206
39.33036,-76.53478,21206
39.33036,-76.53478,21206
39.33036,-76.53478,21206
39.33036,-76.53478,21206
39.33036,-76.53478,21206
39.33036,-76.53478,21206
39.33036,-76.53478,21206
39.33036,-76.53478,21206
39.33036,-76.53478,21206
39.33036,-76.53478,21206
39.33036,-76.53478,21206
39.33036,-76.53478,21206
39.33036,-76.53478,21206
39.33036,-76.53478,21206
39.33036,-76.53478,21206
39.33036,-76.53478,21206
39.33036,-76.53478,21206
39.33036,-76.53478,21206
39.33036,-76.53478,21206
39.33036,-76.53478,21206
39.33036,-76.53478,21206
39.33036,-76.53478,21206
39.33036,-76.53478,21206
39.33036,-76.53478,21206
39.33036,-76.53478,21206
39.33036,-76.53478,21206
39.33036,-76.53478,21206
39.33036,-76.53478,21206
39.33036,-76.53478,21206
39.33036,-76.53478,21206
39.33036,-76.53478,21206
39.33036,-76.53478,21206
39.33036,-76.53478,21206
39.33036,-76.53478,21206
39.33036,-76.53478,21206
39.33036,-76.53478,21206
39.33036,-76.53478,21206
39.33036,-76.53478,21206
39.33036,-76.53478,21206
39.33036,-76.53478,21206
39.33036,-76.53478,21206
39.33036,-76.53478,21206
39.33036,-76.53478,21206
39.33036,-76.53478,21206
39.33036,-76.53478,21206
39.33036,-76.53478,21206
39.33036,-76.53478,21206
39.33036,-76.53478,21206
39.33036,-76.53478,21206
39.33036,-76.53478,21206
39.33036,-76.53478,21206
39.33036,-76.53478,21206
39.33036,-76.53478,21206
39.33036,-76.53478,21206
39.33036,-76.53478,21206
39.33036,-76.53478,21206
39.33036,-76.53478,21206
39.33036,-76.53478,21206
39.33036,-76.53478,21206
39.33036,-76.53478,21206
39.33036,-76.53478,21206
39.33036,-76.53478,21206
39.33036,-76.53478,21206
39.33036,-76.53478,21206
39.33036,-76.53478,21206
39.33036,-76.53478,21206
39.33036,-76.53478,21206
39.33036,-76.53478,21206
39.33036,-76.53478,21206
39.33036,-76.53478,21206
39.33036,-76.53478,21206
39.33036,-76.53478,21206
39.33036,-76.53478,21206
39.33036,-76.53478,21206
39.33036,-76.53478,21206
39.33036,-76.53478,21206
39.33036,-76.53478,21206
39.33036,-76.53478,21206
39.33036,-76.53478,21206
39.33036,-76.53478,21206
39.33036,-76.53478,21206
39.33036,-76.53478,21206
39.33036,-76.53478,21206
39.33036,-76.53478,21206
39.33036,-76.53478,21206
39.33036,-76.53478,21206
39.33036,-76.53478,21206
39.340575,-76.542373,21206
39.340575,-76.542373,21206
39.340575,-76.542373,21206
39.340575,-76.542373,21206
39.340575,-76.542373,21206
39.340575,-76.542373,21206
39.340575,-76.542373,21206
39.340575,-76.542373,21206
39.340575,-76.542373,21206
39.340575,-76.542373,21206
39.340575,-76.542373,21206
39.340575,-76.542373,21206
39.340575,-76.542373,21206
39.340575,-76.542373,21206
39.340575,-76.542373,21206
39.340575,-76.542373,21206
39.340575,-76.542373,21206
39.340575,-76.542373,21206
39.340575,-76.542373,21206
39.340575,-76.542373,21206
39.340575,-76.542373,21206
39.340575,-76.542373,21206
39.340575,-76.542373,21206
39.340575,-76.542373,21206
39.340575,-76.542373,21206
39.340575,-76.542373,21206
39.340575,-76.542373,21206
39.340575,-76.542373,21206
39.340575,-76.542373,21206
39.340575,-76.542373,21206
39.340575,-76.542373,21206
39.340575,-76.542373,21206
39.340575,-76.542373,21206
39.340575,-76.542373,21206
39.340575,-76.542373,21206
39.340575,-76.542373,21206
39.340575,-76.542373,21206
39.340575,-76.542373,21206
39.340575,-76.542373,21206
39.340575,-76.542373,21206
39.340575,-76.542373,21206
39.340575,-76.542373,21206
39.340575,-76.542373,21206
39.340575,-76.542373,21206
39.340575,-76.542373,21206
39.340575,-76.542373,21206
39.340575,-76.542373,21206
39.340575,-76.542373,21206
39.340575,-76.542373,21206
39.340575,-76.542373,21206
39.340575,-76.542373,21206
39.340575,-76.542373,21206
39.340575,-76.542373,21206
39.340575,-76.542373,21206
39.340575,-76.542373,21206
39.340575,-76.542373,21206
39.340575,-76.542373,21206
39.340575,-76.542373,21206
39.340575,-76.542373,21206
39.340575,-76.542373,21206
39.340575,-76.542373,21206
39.340575,-76.542373,21206
39.340575,-76.542373,21206
39.340575,-76.542373,21206
39.340575,-76.542373,21206
39.340575,-76.542373,21206
39.340575,-76.542373,21206
39.340575,-76.542373,21206
39.340575,-76.542373,21206
39.340575,-76.542373,21206
39.340575,-76.542373,21206
39.343655,-76.541122,21206
39.343655,-76.541122,21206
39.343655,-76.541122,21206
39.343655,-76.541122,21206
39.343655,-76.541122,21206
39.343655,-76.541122,21206
39.343655,-76.541122,21206
39.343655,-76.541122,21206
39.343655,-76.541122,21206
39.343655,-76.541122,21206
39.343655,-76.541122,21206
39.343655,-76.541122,21206
39.343655,-76.541122,21206
39.343655,-76.541122,21206
39.343655,-76.541122,21206
39.343655,-76.541122,21206
39.343655,-76.541122,21206
39.343655,-76.541122,21206
39.343655,-76.541122,21206
39.343655,-76.541122,21206
39.343655,-76.541122,21206
39.343655,-76.541122,21206
39.343655,-76.541122,21206
39.343655,-76.541122,21206
39.343655,-76.541122,21206
39.343655,-76.541122,21206
39.343655,-76.541122,21206
39.343655,-76.541122,21206
39.343655,-76.541122,21206
39.343655,-76.541122,21206
39.343655,-76.541122,21206
39.343655,-76.541122,21206
39.343655,-76.541122,21206
39.343655,-76.541122,21206
39.343655,-76.541122,21206
39.343655,-76.541122,21206
39.343655,-76.541122,21206
39.343655,-76.541122,21206
39.343655,-76.541122,21206
39.343655,-76.541122,21206
39.343655,-76.541122,21206
39.343655,-76.541122,21206
39.343655,-76.541122,21206
39.343655,-76.541122,21206
39.343655,-76.541122,21206
39.343655,-76.541122,21206
39.343655,-76.541122,21206
39.343655,-76.541122,21206
39.343655,-76.541122,21206
39.343655,-76.541122,21206
39.343655,-76.541122,21206
39.343655,-76.541122,21206
39.343655,-76.541122,21206
39.343655,-76.541122,21206
39.343655,-76.541122,21206
39.343655,-76.541122,21206
39.343655,-76.541122,21206
39.343655,-76.541122,21206
39.343655,-76.541122,21206
39.343655,-76.541122,21206
39.343655,-76.541122,21206
39.343655,-76.541122,21206
39.343655,-76.541122,21206
39.343655,-76.541122,21206
39.343655,-76.541122,21206
39.343655,-76.541122,21206
39.343655,-76.541122,21206
39.343655,-76.541122,21206
39.343655,-76.541122,21206
39.343655,-76.541122,21206
39.343655,-76.541122,21206
39.343655,-76.541122,21206
39.343655,-76.541122,21206
39.343655,-76.541122,21206
39.343655,-76.541122,21206
39.343655,-76.541122,21206
39.343655,-76.541122,21206
39.343655,-76.541122,21206
39.343655,-76.541122,21206
39.343655,-76.541122,21206
39.343655,-76.541122,21206
39.343655,-76.541122,21206
39.343655,-76.541122,21206
39.343655,-76.541122,21206
39.343655,-76.541122,21206
39.343655,-76.541122,21206
39.343655,-76.541122,21206
39.343655,-76.541122,21206
39.343655,-76.541122,21206
39.343655,-76.541122,21206
39.343655,-76.541122,21206
39.343655,-76.541122,21206
39.343655,-76.541122,21206
39.343655,-76.541122,21206
39.343655,-76.541122,21206
39.343655,-76.541122,21206
39.343655,-76.541122,21206
39.343655,-76.541122,21206
39.343655,-76.541122,21206
39.343655,-76.541122,21206
39.343655,-76.541122,21206
39.343655,-76.541122,21206
39.343655,-76.541122,21206
39.343655,-76.541122,21206
39.343655,-76.541122,21206
39.343655,-76.541122,21206
39.343655,-76.541122,21206
39.343655,-76.541122,21206
39.343655,-76.541122,21206
39.343655,-76.541122,21206
39.343655,-76.541122,21206
39.343655,-76.541122,21206
39.343655,-76.541122,21206
39.343655,-76.541122,21206
39.343655,-76.541122,21206
39.343655,-76.541122,21206
39.343655,-76.541122,21206
39.343655,-76.541122,21206
39.343655,-76.541122,21206
39.343655,-76.541122,21206
39.343655,-76.541122,21206
39.343655,-76.541122,21206
39.343655,-76.541122,21206
39.343655,-76.541122,21206
39.343655,-76.541122,21206
39.343655,-76.541122,21206
39.343655,-76.541122,21206
39.343655,-76.541122,21206
39.343655,-76.541122,21206
39.343655,-76.541122,21206
39.343655,-76.541122,21206
39.343655,-76.541122,21206
39.343655,-76.541122,21206
39.343655,-76.541122,21206
39.343655,-76.541122,21206
39.343655,-76.541122,21206
39.343655,-76.541122,21206
39.343655,-76.541122,21206
39.343655,-76.541122,21206
39.343655,-76.541122,21206
39.343655,-76.541122,21206
39.343655,-76.541122,21206
39.343655,-76.541122,21206
39.343655,-76.541122,21206
39.343655,-76.541122,21206
39.343655,-76.541122,21206
39.343655,-76.541122,21206
39.343655,-76.541122,21206
39.343655,-76.541122,21206
39.343655,-76.541122,21206
39.343655,-76.541122,21206
39.343655,-76.541122,21206
39.343655,-76.541122,21206
39.343655,-76.541122,21206
39.343655,-76.541122,21206
39.343655,-76.541122,21206
39.343655,-76.541122,21206
39.343655,-76.541122,21206
39.343655,-76.541122,21206
39.343655,-76.541122,21206
39.30784,-76.55666,21205
39.30784,-76.55666,21205
39.30784,-76.55666,21205
39.30784,-76.55666,21205
39.30784,-76.55666,21205
39.30784,-76.55666,21205
39.30784,-76.55666,21205
39.30784,-76.55666,21205
39.30784,-76.55666,21205
39.30784,-76.55666,21205
39.30784,-76.55666,21205
39.30784,-76.55666,21205
39.30784,-76.55666,21205
39.30784,-76.55666,21205
39.30784,-76.55666,21205
39.30784,-76.55666,21205
39.30784,-76.55666,21205
39.30784,-76.55666,21205
39.30784,-76.55666,21205
39.30784,-76.55666,21205
39.30784,-76.55666,21205
39.30784,-76.55666,21205
39.30784,-76.55666,21205
39.30784,-76.55666,21205
39.30784,-76.55666,21205
39.30784,-76.55666,21205
39.30784,-76.55666,21205
39.30784,-76.55666,21205
39.30784,-76.55666,21205
39.30784,-76.55666,21205
39.30784,-76.55666,21205
39.30784,-76.55666,21205
39.30784,-76.55666,21205
39.30784,-76.55666,21205
39.30784,-76.55666,21205
39.30784,-76.55666,21205
39.30784,-76.55666,21205
39.30784,-76.55666,21205
39.30784,-76.55666,21205
39.30784,-76.55666,21205
39.30784,-76.55666,21205
39.30784,-76.55666,21205
39.30784,-76.55666,21205
39.30784,-76.55666,21205
39.30784,-76.55666,21205
39.30784,-76.55666,21205
39.30784,-76.55666,21205
39.30784,-76.55666,21205
39.30784,-76.55666,21205
39.30784,-76.55666,21205
39.30784,-76.55666,21205
39.30784,-76.55666,21205
39.30784,-76.55666,21205
39.30784,-76.55666,21205
39.30784,-76.55666,21205
39.30784,-76.55666,21205
39.30784,-76.55666,21205
39.30784,-76.55666,21205
39.30784,-76.55666,21205
39.30784,-76.55666,21205
39.30784,-76.55666,21205
39.30784,-76.55666,21205
39.30784,-76.55666,21205
39.30784,-76.55666,21205
39.30784,-76.55666,21205
39.30784,-76.55666,21205
39.30784,-76.55666,21205
39.30784,-76.55666,21205
39.30784,-76.55666,21205
39.30784,-76.55666,21205
39.30784,-76.55666,21205
39.30784,-76.55666,21205
39.30784,-76.55666,21205
39.30784,-76.55666,21205
39.30784,-76.55666,21205
39.30784,-76.55666,21205
39.30784,-76.55666,21205
39.30784,-76.55666,21205
39.30784,-76.55666,21205
39.30784,-76.55666,21205
39.30784,-76.55666,21205
39.30784,-76.55666,21205
39.30784,-76.55666,21205
39.30784,-76.55666,21205
39.30784,-76.55666,21205
39.30784,-76.55666,21205
39.30784,-76.55666,21205
39.30784,-76.55666,21205
39.30784,-76.55666,21205
39.30784,-76.55666,21205
39.30784,-76.55666,21205
39.30784,-76.55666,21205
39.30784,-76.55666,21205
39.30784,-76.55666,21205
39.30784,-76.55666,21205
39.30784,-76.55666,21205
39.30784,-76.55666,21205
39.30784,-76.55666,21205
39.30784,-76.55666,21205
39.30784,-76.55666,21205
39.30784,-76.55666,21205
39.30784,-76.55666,21205
39.30784,-76.55666,21205
39.30784,-76.55666,21205
39.30784,-76.55666,21205
39.30784,-76.55666,21205
39.30784,-76.55666,21205
39.30784,-76.55666,21205
39.30784,-76.55666,21205
39.30784,-76.55666,21205
39.30784,-76.55666,21205
39.30784,-76.55666,21205
39.30784,-76.55666,21205
39.30784,-76.55666,21205
39.30784,-76.55666,21205
39.30784,-76.55666,21205
39.30784,-76.55666,21205
39.30784,-76.55666,21205
39.30784,-76.55666,21205
39.30784,-76.55666,21205
39.30784,-76.55666,21205
39.30784,-76.55666,21205
39.30784,-76.55666,21205
39.30784,-76.55666,21205
39.30784,-76.55666,21205
39.30784,-76.55666,21205
39.30784,-76.55666,21205
39.30784,-76.55666,21205
39.30784,-76.55666,21205
39.30784,-76.55666,21205
39.30784,-76.55666,21205
39.30784,-76.55666,21205
39.30784,-76.55666,21205
39.30784,-76.55666,21205
39.30784,-76.55666,21205
39.30784,-76.55666,21205
39.30784,-76.55666,21205
39.30784,-76.55666,21205
39.30784,-76.55666,21205
39.30784,-76.55666,21205
39.30784,-76.55666,21205
39.30784,-76.55666,21205
39.30784,-76.55666,21205
39.30784,-76.55666,21205
39.30784,-76.55666,21205
39.30784,-76.55666,21205
39.30784,-76.55666,21205
39.30784,-76.55666,21205
39.30784,-76.55666,21205
39.30784,-76.55666,21205
39.30784,-76.55666,21205
39.30784,-76.55666,21205
39.30784,-76.55666,21205
39.30784,-76.55666,21205
39.30784,-76.55666,21205
39.30784,-76.55666,21205
39.30784,-76.55666,21205
39.30784,-76.55666,21205
39.30784,-76.55666,21205
39.3359,-76.71046,21207
39.3359,-76.71046,21207
39.3359,-76.71046,21207
39.3359,-76.71046,21207
39.3359,-76.71046,21207
39.3359,-76.71046,21207
39.3359,-76.71046,21207
39.3359,-76.71046,21207
39.3359,-76.71046,21207
39.3359,-76.71046,21207
39.3359,-76.71046,21207
39.3359,-76.71046,21207
39.3359,-76.71046,21207
39.3359,-76.71046,21207
39.3359,-76.71046,21207
39.3359,-76.71046,21207
39.3359,-76.71046,21207
39.3359,-76.71046,21207
39.3359,-76.71046,21207
39.3359,-76.71046,21207
39.3359,-76.71046,21207
39.3359,-76.71046,21207
39.3359,-76.71046,21207
39.3359,-76.71046,21207
39.3359,-76.71046,21207
39.3359,-76.71046,21207
39.3359,-76.71046,21207
39.3359,-76.71046,21207
39.3359,-76.71046,21207
39.3359,-76.71046,21207
39.3359,-76.71046,21207
39.3359,-76.71046,21207
39.3359,-76.71046,21207
39.3359,-76.71046,21207
39.3359,-76.71046,21207
39.3359,-76.71046,21207
39.3359,-76.71046,21207
39.3359,-76.71046,21207
39.3359,-76.71046,21207
39.3359,-76.71046,21207
39.3359,-76.71046,21207
39.3359,-76.71046,21207
39.3359,-76.71046,21207
39.3359,-76.71046,21207
39.3359,-76.71046,21207
39.3359,-76.71046,21207
39.3359,-76.71046,21207
39.3359,-76.71046,21207
39.3359,-76.71046,21207
39.3359,-76.71046,21207
39.3359,-76.71046,21207
39.3359,-76.71046,21207
39.3359,-76.71046,21207
39.3359,-76.71046,21207
39.3359,-76.71046,21207
39.3359,-76.71046,21207
39.3359,-76.71046,21207
39.3359,-76.71046,21207
39.3359,-76.71046,21207
39.3359,-76.71046,21207
39.3359,-76.71046,21207
39.3359,-76.71046,21207
39.3359,-76.71046,21207
39.3359,-76.71046,21207
39.3359,-76.71046,21207
39.3359,-76.71046,21207
39.3359,-76.71046,21207
39.3359,-76.71046,21207
39.3359,-76.71046,21207
39.3359,-76.71046,21207
39.3359,-76.71046,21207
39.3359,-76.71046,21207
39.3359,-76.71046,21207
39.3359,-76.71046,21207
39.3359,-76.71046,21207
39.3359,-76.71046,21207
39.3359,-76.71046,21207
39.3359,-76.71046,21207
39.3359,-76.71046,21207
39.3359,-76.71046,21207
39.3359,-76.71046,21207
39.3359,-76.71046,21207
39.3359,-76.71046,21207
39.3359,-76.71046,21207
39.3359,-76.71046,21207
39.3359,-76.71046,21207
39.3359,-76.71046,21207
39.3359,-76.71046,21207
39.3359,-76.71046,21207
39.3359,-76.71046,21207
39.3359,-76.71046,21207
39.3359,-76.71046,21207
39.3359,-76.71046,21207
39.3359,-76.71046,21207
39.3359,-76.71046,21207
39.3359,-76.71046,21207
39.3359,-76.71046,21207
39.3359,-76.71046,21207
39.3359,-76.71046,21207
39.3359,-76.71046,21207
39.3359,-76.71046,21207
39.3359,-76.71046,21207
39.3359,-76.71046,21207
39.3359,-76.71046,21207
39.3359,-76.71046,21207
39.3359,-76.71046,21207
39.3359,-76.71046,21207
39.3359,-76.71046,21207
39.3359,-76.71046,21207
39.3359,-76.71046,21207
39.3359,-76.71046,21207
39.3359,-76.71046,21207
39.3359,-76.71046,21207
39.3359,-76.71046,21207
39.3359,-76.71046,21207
39.3359,-76.71046,21207
39.3359,-76.71046,21207
39.3359,-76.71046,21207
39.3359,-76.71046,21207
39.3359,-76.71046,21207
39.3359,-76.71046,21207
39.3359,-76.71046,21207
39.3359,-76.71046,21207
39.3359,-76.71046,21207
39.3359,-76.71046,21207
39.3359,-76.71046,21207
39.3359,-76.71046,21207
39.3359,-76.71046,21207
39.3359,-76.71046,21207
39.3359,-76.71046,21207
39.3359,-76.71046,21207
39.3359,-76.71046,21207
39.3359,-76.71046,21207
39.3359,-76.71046,21207
39.3359,-76.71046,21207
39.3359,-76.71046,21207
39.3359,-76.71046,21207
39.3359,-76.71046,21207
39.3359,-76.71046,21207
39.3359,-76.71046,21207
39.3359,-76.71046,21207
39.3359,-76.71046,21207
39.3359,-76.71046,21207
39.3359,-76.71046,21207
39.3359,-76.71046,21207
39.3359,-76.71046,21207
39.3359,-76.71046,21207
39.3359,-76.71046,21207
39.3359,-76.71046,21207
39.3359,-76.71046,21207
39.3359,-76.71046,21207
39.3359,-76.71046,21207
39.3359,-76.71046,21207
39.3359,-76.71046,21207
39.3359,-76.71046,21207
39.3359,-76.71046,21207
39.3359,-76.71046,21207
39.3359,-76.71046,21207
39.3359,-76.71046,21207
39.3359,-76.71046,21207
39.3359,-76.71046,21207
39.3359,-76.71046,21207
39.3359,-76.71046,21207
39.3359,-76.71046,21207
39.3359,-76.71046,21207
39.3359,-76.71046,21207
39.3359,-76.71046,21207
39.3359,-76.71046,21207
39.3359,-76.71046,21207
39.3359,-76.71046,21207
39.3359,-76.71046,21207
39.3359,-76.71046,21207
39.3359,-76.71046,21207
39.3359,-76.71046,21207
39.3359,-76.71046,21207
39.3359,-76.71046,21207
39.3359,-76.71046,21207
39.3359,-76.71046,21207
39.3359,-76.71046,21207
39.3359,-76.71046,21207
39.3359,-76.71046,21207
39.3359,-76.71046,21207
39.3359,-76.71046,21207
39.3359,-76.71046,21207
39.3359,-76.71046,21207
39.3359,-76.71046,21207
39.33269,-76.71222,21207
39.33269,-76.71222,21207
39.33269,-76.71222,21207
39.33269,-76.71222,21207
39.33269,-76.71222,21207
39.33269,-76.71222,21207
39.33269,-76.71222,21207
39.33269,-76.71222,21207
39.33269,-76.71222,21207
39.33269,-76.71222,21207
39.33269,-76.71222,21207
39.33269,-76.71222,21207
39.33269,-76.71222,21207
39.33269,-76.71222,21207
39.33269,-76.71222,21207
39.33269,-76.71222,21207
39.33269,-76.71222,21207
39.33269,-76.71222,21207
39.33269,-76.71222,21207
39.33269,-76.71222,21207
39.33269,-76.71222,21207
39.33269,-76.71222,21207
39.33269,-76.71222,21207
39.33269,-76.71222,21207
39.33269,-76.71222,21207
39.33269,-76.71222,21207
39.33269,-76.71222,21207
39.33269,-76.71222,21207
39.33269,-76.71222,21207
39.33269,-76.71222,21207
39.33269,-76.71222,21207
39.33269,-76.71222,21207
39.33269,-76.71222,21207
39.33269,-76.71222,21207
39.33269,-76.71222,21207
39.33269,-76.71222,21207
39.33269,-76.71222,21207
39.33269,-76.71222,21207
39.33269,-76.71222,21207
39.33269,-76.71222,21207
39.33269,-76.71222,21207
39.33269,-76.71222,21207
39.33269,-76.71222,21207
39.33269,-76.71222,21207
39.33269,-76.71222,21207
39.33269,-76.71222,21207
39.33269,-76.71222,21207
39.33269,-76.71222,21207
39.33269,-76.71222,21207
39.33269,-76.71222,21207
39.33269,-76.71222,21207
39.33269,-76.71222,21207
39.33269,-76.71222,21207
39.33269,-76.71222,21207
39.33269,-76.71222,21207
39.33269,-76.71222,21207
39.33269,-76.71222,21207
39.33269,-76.71222,21207
39.33269,-76.71222,21207
39.33269,-76.71222,21207
39.33269,-76.71222,21207
39.33269,-76.71222,21207
39.33269,-76.71222,21207
39.33269,-76.71222,21207
39.33269,-76.71222,21207
39.33269,-76.71222,21207
39.33269,-76.71222,21207
39.33269,-76.71222,21207
39.33269,-76.71222,21207
39.33269,-76.71222,21207
39.33269,-76.71222,21207
39.33269,-76.71222,21207
39.33269,-76.71222,21207
39.33269,-76.71222,21207
39.33269,-76.71222,21207
39.33269,-76.71222,21207
39.33269,-76.71222,21207
39.33269,-76.71222,21207
39.33269,-76.71222,21207
39.33269,-76.71222,21207
39.33269,-76.71222,21207
39.33269,-76.71222,21207
39.33269,-76.71222,21207
39.33269,-76.71222,21207
39.33269,-76.71222,21207
39.33269,-76.71222,21207
39.33269,-76.71222,21207
39.33269,-76.71222,21207
39.33269,-76.71222,21207
39.33269,-76.71222,21207
39.33269,-76.71222,21207
39.33269,-76.71222,21207
39.33269,-76.71222,21207
39.33269,-76.71222,21207
39.33269,-76.71222,21207
39.33269,-76.71222,21207
39.33269,-76.71222,21207
39.33269,-76.71222,21207
39.33269,-76.71222,21207
39.33269,-76.71222,21207
39.33269,-76.71222,21207
39.33269,-76.71222,21207
39.33269,-76.71222,21207
39.33269,-76.71222,21207
39.33269,-76.71222,21207
39.33269,-76.71222,21207
39.33269,-76.71222,21207
39.33269,-76.71222,21207
39.33269,-76.71222,21207
39.33269,-76.71222,21207
39.33269,-76.71222,21207
39.33269,-76.71222,21207
39.33269,-76.71222,21207
39.33269,-76.71222,21207
39.33269,-76.71222,21207
39.33269,-76.71222,21207
39.33269,-76.71222,21207
39.33269,-76.71222,21207
39.33269,-76.71222,21207
39.33269,-76.71222,21207
39.33269,-76.71222,21207
39.33269,-76.71222,21207
39.33269,-76.71222,21207
39.33269,-76.71222,21207
39.33269,-76.71222,21207
39.33269,-76.71222,21207
39.33269,-76.71222,21207
39.33269,-76.71222,21207
39.33269,-76.71222,21207
39.33269,-76.71222,21207
39.33269,-76.71222,21207
39.33269,-76.71222,21207
39.33269,-76.71222,21207
39.33269,-76.71222,21207
39.33269,-76.71222,21207
39.33269,-76.71222,21207
39.33269,-76.71222,21207
39.33269,-76.71222,21207
39.33269,-76.71222,21207
39.33269,-76.71222,21207
39.33269,-76.71222,21207
39.33269,-76.71222,21207
39.33269,-76.71222,21207
39.33269,-76.71222,21207
39.33269,-76.71222,21207
39.33269,-76.71222,21207
39.33269,-76.71222,21207
39.33269,-76.71222,21207
39.33269,-76.71222,21207
39.33269,-76.71222,21207
39.33269,-76.71222,21207
39.33269,-76.71222,21207
39.33269,-76.71222,21207
39.33269,-76.71222,21207
39.33269,-76.71222,21207
39.33269,-76.71222,21207
39.33269,-76.71222,21207
39.33269,-76.71222,21207
39.33269,-76.71222,21207
39.33269,-76.71222,21207
39.33269,-76.71222,21207
39.33269,-76.71222,21207
39.33269,-76.71222,21207
39.33269,-76.71222,21207
39.33269,-76.71222,21207
39.33269,-76.71222,21207
39.33269,-76.71222,21207
39.33269,-76.71222,21207
39.33269,-76.71222,21207
39.33269,-76.71222,21207
39.33269,-76.71222,21207
39.33269,-76.71222,21207
39.33269,-76.71222,21207
39.33269,-76.71222,21207
39.33269,-76.71222,21207
39.30509,-76.68639,21216
39.30509,-76.68639,21216
39.30509,-76.68639,21216
39.30509,-76.68639,21216
39.30509,-76.68639,21216
39.30509,-76.68639,21216
39.30509,-76.68639,21216
39.30509,-76.68639,21216
39.30509,-76.68639,21216
39.30509,-76.68639,21216
39.30509,-76.68639,21216
39.30509,-76.68639,21216
39.30509,-76.68639,21216
39.30509,-76.68639,21216
39.30509,-76.68639,21216
39.30509,-76.68639,21216
39.30509,-76.68639,21216
39.30509,-76.68639,21216
39.30509,-76.68639,21216
39.30509,-76.68639,21216
39.30509,-76.68639,21216
39.30509,-76.68639,21216
39.30509,-76.68639,21216
39.30509,-76.68639,21216
39.30509,-76.68639,21216
39.30509,-76.68639,21216
39.30509,-76.68639,21216
39.30509,-76.68639,21216
39.30509,-76.68639,21216
39.30509,-76.68639,21216
39.30509,-76.68639,21216
39.30509,-76.68639,21216
39.30509,-76.68639,21216
39.30509,-76.68639,21216
39.30509,-76.68639,21216
39.30509,-76.68639,21216
39.30509,-76.68639,21216
39.30509,-76.68639,21216
39.30509,-76.68639,21216
39.30509,-76.68639,21216
39.30509,-76.68639,21216
39.30509,-76.68639,21216
39.30509,-76.68639,21216
39.30509,-76.68639,21216
39.30509,-76.68639,21216
39.30509,-76.68639,21216
39.30509,-76.68639,21216
39.30509,-76.68639,21216
39.30509,-76.68639,21216
39.30509,-76.68639,21216
39.30509,-76.68639,21216
39.30509,-76.68639,21216
39.30509,-76.68639,21216
39.30509,-76.68639,21216
39.30509,-76.68639,21216
39.30509,-76.68639,21216
39.30509,-76.68639,21216
39.30509,-76.68639,21216
39.30509,-76.68639,21216
39.30509,-76.68639,21216
39.30509,-76.68639,21216
39.30509,-76.68639,21216
39.30509,-76.68639,21216
39.30509,-76.68639,21216
39.30509,-76.68639,21216
39.30509,-76.68639,21216
39.30509,-76.68639,21216
39.30509,-76.68639,21216
39.30509,-76.68639,21216
39.30509,-76.68639,21216
39.30509,-76.68639,21216
39.30509,-76.68639,21216
39.30509,-76.68639,21216
39.30509,-76.68639,21216
39.30509,-76.68639,21216
39.30509,-76.68639,21216
39.30509,-76.68639,21216
39.30509,-76.68639,21216
39.30509,-76.68639,21216
39.30509,-76.68639,21216
39.30509,-76.68639,21216
39.30509,-76.68639,21216
39.30509,-76.68639,21216
39.30509,-76.68639,21216
39.30509,-76.68639,21216
39.30509,-76.68639,21216
39.30509,-76.68639,21216
39.30509,-76.68639,21216
39.30509,-76.68639,21216
39.30509,-76.68639,21216
39.30509,-76.68639,21216
39.30509,-76.68639,21216
39.30509,-76.68639,21216
39.30509,-76.68639,21216
39.30509,-76.68639,21216
39.30509,-76.68639,21216
39.30509,-76.68639,21216
39.30509,-76.68639,21216
39.30509,-76.68639,21216
39.30509,-76.68639,21216
39.30509,-76.68639,21216
39.30509,-76.68639,21216
39.30509,-76.68639,21216
39.30509,-76.68639,21216
39.30509,-76.68639,21216
39.30509,-76.68639,21216
39.30509,-76.68639,21216
39.30509,-76.68639,21216
39.30509,-76.68639,21216
39.30509,-76.68639,21216
39.30509,-76.68639,21216
39.30509,-76.68639,21216
39.30509,-76.68639,21216
39.30509,-76.68639,21216
39.30509,-76.68639,21216
39.30509,-76.68639,21216
39.30509,-76.68639,21216
39.30509,-76.68639,21216
39.30509,-76.68639,21216
39.30509,-76.68639,21216
39.30509,-76.68639,21216
39.30509,-76.68639,21216
39.30509,-76.68639,21216
39.30509,-76.68639,21216
39.30509,-76.68639,21216
39.30509,-76.68639,21216
39.30509,-76.68639,21216
39.30509,-76.68639,21216
39.30509,-76.68639,21216
39.30509,-76.68639,21216
39.30509,-76.68639,21216
39.30509,-76.68639,21216
39.30509,-76.68639,21216
39.30509,-76.68639,21216
39.30509,-76.68639,21216
39.30509,-76.68639,21216
39.30509,-76.68639,21216
39.30509,-76.68639,21216
39.30509,-76.68639,21216
39.30509,-76.68639,21216
39.30509,-76.68639,21216
39.30509,-76.68639,21216
39.30509,-76.68639,21216
39.30509,-76.68639,21216
39.30509,-76.68639,21216
39.30509,-76.68639,21216
39.30509,-76.68639,21216
39.30509,-76.68639,21216
39.30509,-76.68639,21216
39.30509,-76.68639,21216
39.30509,-76.68639,21216
39.30509,-76.68639,21216
39.30509,-76.68639,21216
39.30509,-76.68639,21216
39.30509,-76.68639,21216
39.30509,-76.68639,21216
39.30509,-76.68639,21216
39.30509,-76.68639,21216
39.30509,-76.68639,21216
39.30509,-76.68639,21216
39.30509,-76.68639,21216
39.30509,-76.68639,21216
39.30509,-76.68639,21216
39.30509,-76.68639,21216
39.30509,-76.68639,21216
39.30509,-76.68639,21216
39.30509,-76.68639,21216
39.30509,-76.68639,21216
39.30509,-76.68639,21216
39.30509,-76.68639,21216
39.30509,-76.68639,21216
39.30509,-76.68639,21216
39.36782,-76.6487,21212
39.36782,-76.6487,21212
39.36782,-76.6487,21212
39.36782,-76.6487,21212
39.36782,-76.6487,21212
39.36782,-76.6487,21212
39.36782,-76.6487,21212
39.36782,-76.6487,21212
39.36782,-76.6487,21212
39.36782,-76.6487,21212
39.36782,-76.6487,21212
39.36782,-76.6487,21212
39.36782,-76.6487,21212
39.36782,-76.6487,21212
39.36782,-76.6487,21212
39.36782,-76.6487,21212
39.36782,-76.6487,21212
39.36782,-76.6487,21212
39.36782,-76.6487,21212
39.36782,-76.6487,21212
39.36782,-76.6487,21212
39.36782,-76.6487,21212
39.36782,-76.6487,21212
39.36782,-76.6487,21212
39.36782,-76.6487,21212
39.36782,-76.6487,21212
39.36782,-76.6487,21212
39.36782,-76.6487,21212
39.36782,-76.6487,21212
39.36782,-76.6487,21212
39.36782,-76.6487,21212
39.36782,-76.6487,21212
39.36782,-76.6487,21212
39.36782,-76.6487,21212
39.36782,-76.6487,21212
39.36782,-76.6487,21212
39.36782,-76.6487,21212
39.36782,-76.6487,21212
39.36782,-76.6487,21212
39.36782,-76.6487,21212
39.36782,-76.6487,21212
39.36782,-76.6487,21212
39.36782,-76.6487,21212
39.36782,-76.6487,21212
39.36782,-76.6487,21212
39.36782,-76.6487,21212
39.36782,-76.6487,21212
39.36782,-76.6487,21212
39.36782,-76.6487,21212
39.36782,-76.6487,21212
39.36782,-76.6487,21212
39.36782,-76.6487,21212
39.36782,-76.6487,21212
39.36782,-76.6487,21212
39.36782,-76.6487,21212
39.36782,-76.6487,21212
39.36782,-76.6487,21212
39.36782,-76.6487,21212
39.36782,-76.6487,21212
39.36782,-76.6487,21212
39.36782,-76.6487,21212
39.36782,-76.6487,21212
39.36782,-76.6487,21212
39.36782,-76.6487,21212
39.36782,-76.6487,21212
39.36782,-76.6487,21212
39.36782,-76.6487,21212
39.36782,-76.6487,21212
39.36782,-76.6487,21212
39.36782,-76.6487,21212
39.36782,-76.6487,21212
39.36782,-76.6487,21212
39.36782,-76.6487,21212
39.36782,-76.6487,21212
39.36782,-76.6487,21212
39.36782,-76.6487,21212
39.36782,-76.6487,21212
39.36782,-76.6487,21212
39.36782,-76.6487,21212
39.36782,-76.6487,21212
39.36782,-76.6487,21212
39.36782,-76.6487,21212
39.36782,-76.6487,21212
39.36782,-76.6487,21212
39.36782,-76.6487,21212
39.36782,-76.6487,21212
39.36782,-76.6487,21212
39.36782,-76.6487,21212
39.36782,-76.6487,21212
39.36782,-76.6487,21212
39.36782,-76.6487,21212
39.36782,-76.6487,21212
39.36782,-76.6487,21212
39.36782,-76.6487,21212
39.36782,-76.6487,21212
39.36782,-76.6487,21212
39.36782,-76.6487,21212
39.36782,-76.6487,21212
39.36782,-76.6487,21212
39.36782,-76.6487,21212
39.36782,-76.6487,21212
39.36782,-76.6487,21212
39.36782,-76.6487,21212
39.36782,-76.6487,21212
39.36782,-76.6487,21212
39.36782,-76.6487,21212
39.36782,-76.6487,21212
39.36782,-76.6487,21212
39.36782,-76.6487,21212
39.36782,-76.6487,21212
39.36782,-76.6487,21212
39.36782,-76.6487,21212
39.36782,-76.6487,21212
39.36782,-76.6487,21212
39.36782,-76.6487,21212
39.36782,-76.6487,21212
39.36782,-76.6487,21212
39.36782,-76.6487,21212
39.36782,-76.6487,21212
39.36782,-76.6487,21212
39.36782,-76.6487,21212
39.36782,-76.6487,21212
39.36782,-76.6487,21212
39.36782,-76.6487,21212
39.36782,-76.6487,21212
39.36782,-76.6487,21212
39.36782,-76.6487,21212
39.36782,-76.6487,21212
39.36782,-76.6487,21212
39.36782,-76.6487,21212
39.36782,-76.6487,21212
39.36782,-76.6487,21212
39.36782,-76.6487,21212
39.36782,-76.6487,21212
39.36782,-76.6487,21212
39.36782,-76.6487,21212
39.36782,-76.6487,21212
39.36782,-76.6487,21212
39.36782,-76.6487,21212
39.36782,-76.6487,21212
39.36782,-76.6487,21212
39.36782,-76.6487,21212
39.36782,-76.6487,21212
39.36782,-76.6487,21212
39.36782,-76.6487,21212
39.36782,-76.6487,21212
39.36782,-76.6487,21212
39.36782,-76.6487,21212
39.36782,-76.6487,21212
39.36782,-76.6487,21212
39.36782,-76.6487,21212
39.36782,-76.6487,21212
39.36782,-76.6487,21212
39.36782,-76.6487,21212
39.36782,-76.6487,21212
39.36782,-76.6487,21212
39.36782,-76.6487,21212
39.36782,-76.6487,21212
39.36782,-76.6487,21212
39.36782,-76.6487,21212
39.36782,-76.6487,21212
39.36782,-76.6487,21212
39.36782,-76.6487,21212
39.36782,-76.6487,21212
39.36782,-76.6487,21212
39.36782,-76.6487,21212
39.36782,-76.6487,21212
39.36782,-76.6487,21212
39.36782,-76.6487,21212
39.36782,-76.6487,21212
39.36782,-76.6487,21212
39.36782,-76.6487,21212
39.36782,-76.6487,21212
39.36782,-76.6487,21212
39.36782,-76.6487,21212
39.36782,-76.6487,21212
39.36782,-76.6487,21212
39.36782,-76.6487,21212
39.36782,-76.6487,21212
39.36782,-76.6487,21212
39.36782,-76.6487,21212
39.36782,-76.6487,21212
39.32737,-76.64001,21211
39.32737,-76.64001,21211
39.32737,-76.64001,21211
39.32737,-76.64001,21211
39.32737,-76.64001,21211
39.32737,-76.64001,21211
39.32737,-76.64001,21211
39.32737,-76.64001,21211
39.32737,-76.64001,21211
39.32737,-76.64001,21211
39.32737,-76.64001,21211
39.32737,-76.64001,21211
39.32737,-76.64001,21211
39.3264,-76.62612,21211
39.3264,-76.62612,21211
39.3264,-76.62612,21211
39.3264,-76.62612,21211
39.3264,-76.62612,21211
39.3264,-76.62612,21211
39.3264,-76.62612,21211
39.3264,-76.62612,21211
39.3264,-76.62612,21211
39.3264,-76.62612,21211
39.3264,-76.62612,21211
39.3264,-76.62612,21211
39.3264,-76.62612,21211
39.3264,-76.62612,21211
39.3264,-76.62612,21211
39.3264,-76.62612,21211
39.3264,-76.62612,21211
39.3264,-76.62612,21211
39.3264,-76.62612,21211
39.3264,-76.62612,21211
39.3264,-76.62612,21211
39.3264,-76.62612,21211
39.3264,-76.62612,21211
39.3264,-76.62612,21211
39.3264,-76.62612,21211
39.3264,-76.62612,21211
39.3264,-76.62612,21211
39.3264,-76.62612,21211
39.3264,-76.62612,21211
39.3264,-76.62612,21211
39.3264,-76.62612,21211
39.3264,-76.62612,21211
39.3264,-76.62612,21211
39.3264,-76.62612,21211
39.3264,-76.62612,21211
39.3264,-76.62612,21211
39.3264,-76.62612,21211
39.3264,-76.62612,21211
39.3264,-76.62612,21211
39.3264,-76.62612,21211
39.3264,-76.62612,21211
39.3264,-76.62612,21211
39.3264,-76.62612,21211
39.3264,-76.62612,21211
39.3264,-76.62612,21211
39.3264,-76.62612,21211
39.3264,-76.62612,21211
39.3264,-76.62612,21211
39.3264,-76.62612,21211
39.3264,-76.62612,21211
39.3264,-76.62612,21211
39.3264,-76.62612,21211
39.3264,-76.62612,21211
39.3264,-76.62612,21211
39.3264,-76.62612,21211
39.3264,-76.62612,21211
39.3264,-76.62612,21211
39.3264,-76.62612,21211
39.3264,-76.62612,21211
39.3264,-76.62612,21211
39.3264,-76.62612,21211
39.3264,-76.62612,21211
39.3264,-76.62612,21211
39.3264,-76.62612,21211
39.3264,-76.62612,21211
39.3264,-76.62612,21211
39.3264,-76.62612,21211
39.3264,-76.62612,21211
39.3264,-76.62612,21211
39.3264,-76.62612,21211
39.3264,-76.62612,21211
39.3264,-76.62612,21211
39.3264,-76.62612,21211
39.3264,-76.62612,21211
39.3264,-76.62612,21211
39.3264,-76.62612,21211
39.3264,-76.62612,21211
39.3264,-76.62612,21211
39.3264,-76.62612,21211
39.3264,-76.62612,21211
39.3264,-76.62612,21211
39.3264,-76.62612,21211
39.3264,-76.62612,21211
39.3264,-76.62612,21211
39.3264,-76.62612,21211
39.3264,-76.62612,21211
39.3264,-76.62612,21211
39.3264,-76.62612,21211
39.3264,-76.62612,21211
39.3264,-76.62612,21211
39.3264,-76.62612,21211
39.3264,-76.62612,21211
39.3264,-76.62612,21211
39.3264,-76.62612,21211
39.3264,-76.62612,21211
39.3264,-76.62612,21211
39.3264,-76.62612,21211
39.3264,-76.62612,21211
39.3264,-76.62612,21211
39.3264,-76.62612,21211
39.3264,-76.62612,21211
39.3264,-76.62612,21211
39.3264,-76.62612,21211
39.3264,-76.62612,21211
39.3264,-76.62612,21211
39.3264,-76.62612,21211
39.3264,-76.62612,21211
39.3264,-76.62612,21211
39.3264,-76.62612,21211
39.3264,-76.62612,21211
39.3264,-76.62612,21211
39.3264,-76.62612,21211
39.3264,-76.62612,21211
39.3264,-76.62612,21211
39.3264,-76.62612,21211
39.3264,-76.62612,21211
39.3264,-76.62612,21211
39.3264,-76.62612,21211
39.3264,-76.62612,21211
39.3264,-76.62612,21211
39.3264,-76.62612,21211
39.3264,-76.62612,21211
39.3264,-76.62612,21211
39.3264,-76.62612,21211
39.3264,-76.62612,21211
39.3264,-76.62612,21211
39.3264,-76.62612,21211
39.3264,-76.62612,21211
39.3264,-76.62612,21211
39.3264,-76.62612,21211
39.3264,-76.62612,21211
39.3264,-76.62612,21211
39.3264,-76.62612,21211
39.3264,-76.62612,21211
39.3264,-76.62612,21211
39.3264,-76.62612,21211
39.3264,-76.62612,21211
39.3264,-76.62612,21211
39.3264,-76.62612,21211
39.3264,-76.62612,21211
39.3264,-76.62612,21211
39.3264,-76.62612,21211
39.3264,-76.62612,21211
39.3264,-76.62612,21211
39.3264,-76.62612,21211
39.3264,-76.62612,21211
39.3264,-76.62612,21211
39.3264,-76.62612,21211
39.3264,-76.62612,21211
39.3264,-76.62612,21211
39.3264,-76.62612,21211
39.3264,-76.62612,21211
39.3264,-76.62612,21211
39.3264,-76.62612,21211
39.3264,-76.62612,21211
39.3264,-76.62612,21211
39.3264,-76.62612,21211
39.3264,-76.62612,21211
39.3264,-76.62612,21211
39.3264,-76.62612,21211
39.3264,-76.62612,21211
39.3264,-76.62612,21211
39.3264,-76.62612,21211
39.3264,-76.62612,21211
39.3264,-76.62612,21211
39.3264,-76.62612,21211
39.3264,-76.62612,21211
39.3264,-76.62612,21211
39.3264,-76.62612,21211
39.3264,-76.62612,21211
39.3264,-76.62612,21211
39.3264,-76.62612,21211
39.3264,-76.62612,21211
39.3264,-76.62612,21211
39.3264,-76.62612,21211
39.3264,-76.62612,21211
39.3264,-76.62612,21211
39.3264,-76.62612,21211
39.3264,-76.62612,21211
39.36775,-76.6491,21212
39.36775,-76.6491,21212
39.36775,-76.6491,21212
39.36775,-76.6491,21212
39.36775,-76.6491,21212
39.36775,-76.6491,21212
39.36775,-76.6491,21212
39.36775,-76.6491,21212
39.36775,-76.6491,21212
39.36775,-76.6491,21212
39.36775,-76.6491,21212
39.36775,-76.6491,21212
39.36775,-76.6491,21212
39.36775,-76.6491,21212
39.36775,-76.6491,21212
39.36775,-76.6491,21212
39.36775,-76.6491,21212
39.36775,-76.6491,21212
39.36775,-76.6491,21212
39.36775,-76.6491,21212
39.36775,-76.6491,21212
39.36775,-76.6491,21212
39.36775,-76.6491,21212
39.36775,-76.6491,21212
39.36775,-76.6491,21212
39.36775,-76.6491,21212
39.36775,-76.6491,21212
39.36775,-76.6491,21212
39.36775,-76.6491,21212
39.36775,-76.6491,21212
39.36775,-76.6491,21212
39.36775,-76.6491,21212
39.36775,-76.6491,21212
39.36775,-76.6491,21212
39.36775,-76.6491,21212
39.36775,-76.6491,21212
39.36775,-76.6491,21212
39.36775,-76.6491,21212
39.36775,-76.6491,21212
39.36775,-76.6491,21212
39.36775,-76.6491,21212
39.36775,-76.6491,21212
39.36775,-76.6491,21212
39.36775,-76.6491,21212
39.36775,-76.6491,21212
39.36775,-76.6491,21212
39.36775,-76.6491,21212
39.36775,-76.6491,21212
39.36775,-76.6491,21212
39.36775,-76.6491,21212
39.36775,-76.6491,21212
39.36775,-76.6491,21212
39.36775,-76.6491,21212
39.36775,-76.6491,21212
39.36775,-76.6491,21212
39.36775,-76.6491,21212
39.36775,-76.6491,21212
39.36775,-76.6491,21212
39.36775,-76.6491,21212
39.36775,-76.6491,21212
39.36775,-76.6491,21212
39.36775,-76.6491,21212
39.36775,-76.6491,21212
39.36775,-76.6491,21212
39.36775,-76.6491,21212
39.36775,-76.6491,21212
39.36775,-76.6491,21212
39.36775,-76.6491,21212
39.36775,-76.6491,21212
39.36775,-76.6491,21212
39.36775,-76.6491,21212
39.36775,-76.6491,21212
39.36775,-76.6491,21212
39.36775,-76.6491,21212
39.36775,-76.6491,21212
39.36775,-76.6491,21212
39.36775,-76.6491,21212
39.36775,-76.6491,21212
39.36775,-76.6491,21212
39.36775,-76.6491,21212
39.36775,-76.6491,21212
39.36775,-76.6491,21212
39.36775,-76.6491,21212
39.36775,-76.6491,21212
39.36775,-76.6491,21212
39.36775,-76.6491,21212
39.36775,-76.6491,21212
39.36775,-76.6491,21212
39.36775,-76.6491,21212
39.36775,-76.6491,21212
39.36775,-76.6491,21212
39.36775,-76.6491,21212
39.36775,-76.6491,21212
39.36775,-76.6491,21212
39.36775,-76.6491,21212
39.36775,-76.6491,21212
39.36775,-76.6491,21212
39.36775,-76.6491,21212
39.36775,-76.6491,21212
39.36775,-76.6491,21212
39.36775,-76.6491,21212
39.36775,-76.6491,21212
39.36775,-76.6491,21212
39.36775,-76.6491,21212
39.36775,-76.6491,21212
39.36775,-76.6491,21212
39.36775,-76.6491,21212
39.36775,-76.6491,21212
39.36775,-76.6491,21212
39.36775,-76.6491,21212
39.36775,-76.6491,21212
39.36775,-76.6491,21212
39.36775,-76.6491,21212
39.36775,-76.6491,21212
39.36775,-76.6491,21212
39.36775,-76.6491,21212
39.36775,-76.6491,21212
39.36775,-76.6491,21212
39.36775,-76.6491,21212
39.36775,-76.6491,21212
39.36775,-76.6491,21212
39.36775,-76.6491,21212
39.36775,-76.6491,21212
39.36775,-76.6491,21212
39.36775,-76.6491,21212
39.36775,-76.6491,21212
39.36775,-76.6491,21212
39.36775,-76.6491,21212
39.36775,-76.6491,21212
39.36775,-76.6491,21212
39.36775,-76.6491,21212
39.36775,-76.6491,21212
39.36775,-76.6491,21212
39.36775,-76.6491,21212
39.36775,-76.6491,21212
39.36775,-76.6491,21212
39.36775,-76.6491,21212
39.36775,-76.6491,21212
39.36775,-76.6491,21212
39.36775,-76.6491,21212
39.36775,-76.6491,21212
39.36775,-76.6491,21212
39.36775,-76.6491,21212
39.36775,-76.6491,21212
39.36775,-76.6491,21212
39.36775,-76.6491,21212
39.36775,-76.6491,21212
39.36775,-76.6491,21212
39.36775,-76.6491,21212
39.36775,-76.6491,21212
39.36775,-76.6491,21212
39.36775,-76.6491,21212
39.36775,-76.6491,21212
39.36775,-76.6491,21212
39.36775,-76.6491,21212
39.36775,-76.6491,21212
39.36775,-76.6491,21212
39.36775,-76.6491,21212
39.36775,-76.6491,21212
39.36775,-76.6491,21212
39.36775,-76.6491,21212
39.36775,-76.6491,21212
39.36775,-76.6491,21212
39.36775,-76.6491,21212
39.36775,-76.6491,21212
39.36775,-76.6491,21212
39.36775,-76.6491,21212
39.36775,-76.6491,21212
39.36775,-76.6491,21212
39.36775,-76.6491,21212
39.36775,-76.6491,21212
39.33377,-76.57719,21213
39.33377,-76.57719,21213
39.33377,-76.57719,21213
39.33377,-76.57719,21213
39.33377,-76.57719,21213
39.33377,-76.57719,21213
39.33377,-76.57719,21213
39.33377,-76.57719,21213
39.33377,-76.57719,21213
39.33377,-76.57719,21213
39.33377,-76.57719,21213
39.33377,-76.57719,21213
39.33377,-76.57719,21213
39.33377,-76.57719,21213
39.33377,-76.57719,21213
39.33377,-76.57719,21213
39.33377,-76.57719,21213
39.33377,-76.57719,21213
39.33377,-76.57719,21213
39.33377,-76.57719,21213
39.33377,-76.57719,21213
39.33377,-76.57719,21213
39.33377,-76.57719,21213
39.33377,-76.57719,21213
39.33377,-76.57719,21213
39.33377,-76.57719,21213
39.33377,-76.57719,21213
39.33377,-76.57719,21213
39.33377,-76.57719,21213
39.33377,-76.57719,21213
39.33377,-76.57719,21213
39.33377,-76.57719,21213
39.33377,-76.57719,21213
39.33377,-76.57719,21213
39.33377,-76.57719,21213
39.33377,-76.57719,21213
39.33377,-76.57719,21213
39.33377,-76.57719,21213
39.33377,-76.57719,21213
39.33377,-76.57719,21213
39.33377,-76.57719,21213
39.33377,-76.57719,21213
39.33377,-76.57719,21213
39.33377,-76.57719,21213
39.33377,-76.57719,21213
39.33377,-76.57719,21213
39.33377,-76.57719,21213
39.33377,-76.57719,21213
39.33377,-76.57719,21213
39.33377,-76.57719,21213
39.33377,-76.57719,21213
39.33377,-76.57719,21213
39.33377,-76.57719,21213
39.33377,-76.57719,21213
39.33377,-76.57719,21213
39.33377,-76.57719,21213
39.33377,-76.57719,21213
39.33377,-76.57719,21213
39.33377,-76.57719,21213
39.33377,-76.57719,21213
39.33377,-76.57719,21213
39.33377,-76.57719,21213
39.33377,-76.57719,21213
39.33377,-76.57719,21213
39.33377,-76.57719,21213
39.33377,-76.57719,21213
39.33377,-76.57719,21213
39.33377,-76.57719,21213
39.33377,-76.57719,21213
39.33377,-76.57719,21213
39.33377,-76.57719,21213
39.33377,-76.57719,21213
39.33377,-76.57719,21213
39.33377,-76.57719,21213
39.33377,-76.57719,21213
39.33377,-76.57719,21213
39.33377,-76.57719,21213
39.33377,-76.57719,21213
39.33377,-76.57719,21213
39.33377,-76.57719,21213
39.33377,-76.57719,21213
39.33377,-76.57719,21213
39.33377,-76.57719,21213
39.33377,-76.57719,21213
39.33377,-76.57719,21213
39.33377,-76.57719,21213
39.33377,-76.57719,21213
39.33377,-76.57719,21213
39.33377,-76.57719,21213
39.33377,-76.57719,21213
39.33377,-76.57719,21213
39.33377,-76.57719,21213
39.33377,-76.57719,21213
39.33377,-76.57719,21213
39.33377,-76.57719,21213
39.33377,-76.57719,21213
39.33377,-76.57719,21213
39.33377,-76.57719,21213
39.33377,-76.57719,21213
39.33377,-76.57719,21213
39.33377,-76.57719,21213
39.33377,-76.57719,21213
39.33377,-76.57719,21213
39.33377,-76.57719,21213
39.33377,-76.57719,21213
39.33377,-76.57719,21213
39.33377,-76.57719,21213
39.33377,-76.57719,21213
39.33377,-76.57719,21213
39.33377,-76.57719,21213
39.33377,-76.57719,21213
39.33377,-76.57719,21213
39.33377,-76.57719,21213
39.33377,-76.57719,21213
39.33377,-76.57719,21213
39.33377,-76.57719,21213
39.33377,-76.57719,21213
39.33377,-76.57719,21213
39.33377,-76.57719,21213
39.33377,-76.57719,21213
39.33377,-76.57719,21213
39.33377,-76.57719,21213
39.33377,-76.57719,21213
39.33377,-76.57719,21213
39.33377,-76.57719,21213
39.33377,-76.57719,21213
39.33377,-76.57719,21213
39.33377,-76.57719,21213
39.33377,-76.57719,21213
39.33377,-76.57719,21213
39.33377,-76.57719,21213
39.33377,-76.57719,21213
39.33377,-76.57719,21213
39.33377,-76.57719,21213
39.33377,-76.57719,21213
39.33377,-76.57719,21213
39.33377,-76.57719,21213
39.33377,-76.57719,21213
39.33377,-76.57719,21213
39.33377,-76.57719,21213
39.33377,-76.57719,21213
39.33377,-76.57719,21213
39.33377,-76.57719,21213
39.33377,-76.57719,21213
39.33377,-76.57719,21213
39.33377,-76.57719,21213
39.33377,-76.57719,21213
39.33377,-76.57719,21213
39.33377,-76.57719,21213
39.33377,-76.57719,21213
39.33377,-76.57719,21213
39.33377,-76.57719,21213
39.33377,-76.57719,21213
39.33377,-76.57719,21213
39.33377,-76.57719,21213
39.33377,-76.57719,21213
39.33377,-76.57719,21213
39.33377,-76.57719,21213
39.33377,-76.57719,21213
39.33377,-76.57719,21213
39.33377,-76.57719,21213
39.33377,-76.57719,21213
39.33377,-76.57719,21213
39.33377,-76.57719,21213
39.33377,-76.57719,21213
39.33377,-76.57719,21213
39.33377,-76.57719,21213
39.33377,-76.57719,21213
39.33352,-76.57732,21213
39.33352,-76.57732,21213
39.33352,-76.57732,21213
39.33352,-76.57732,21213
39.33352,-76.57732,21213
39.33352,-76.57732,21213
39.33352,-76.57732,21213
39.33352,-76.57732,21213
39.33352,-76.57732,21213
39.33352,-76.57732,21213
39.33352,-76.57732,21213
39.33352,-76.57732,21213
39.33352,-76.57732,21213
39.33352,-76.57732,21213
39.33352,-76.57732,21213
39.33352,-76.57732,21213
39.33352,-76.57732,21213
39.33352,-76.57732,21213
39.33352,-76.57732,21213
39.33352,-76.57732,21213
39.33352,-76.57732,21213
39.33352,-76.57732,21213
39.33352,-76.57732,21213
39.33352,-76.57732,21213
39.33352,-76.57732,21213
39.33352,-76.57732,21213
39.33352,-76.57732,21213
39.33352,-76.57732,21213
39.33352,-76.57732,21213
39.33352,-76.57732,21213
39.33352,-76.57732,21213
39.33352,-76.57732,21213
39.33352,-76.57732,21213
39.33352,-76.57732,21213
39.33352,-76.57732,21213
39.33352,-76.57732,21213
39.33352,-76.57732,21213
39.33352,-76.57732,21213
39.33352,-76.57732,21213
39.33352,-76.57732,21213
39.33352,-76.57732,21213
39.33352,-76.57732,21213
39.33352,-76.57732,21213
39.33352,-76.57732,21213
39.33352,-76.57732,21213
39.33352,-76.57732,21213
39.33352,-76.57732,21213
39.33352,-76.57732,21213
39.33352,-76.57732,21213
39.33352,-76.57732,21213
39.33352,-76.57732,21213
39.33352,-76.57732,21213
39.33352,-76.57732,21213
39.33352,-76.57732,21213
39.33352,-76.57732,21213
39.33352,-76.57732,21213
39.33352,-76.57732,21213
39.33352,-76.57732,21213
39.33352,-76.57732,21213
39.33352,-76.57732,21213
39.33352,-76.57732,21213
39.33352,-76.57732,21213
39.33352,-76.57732,21213
39.33352,-76.57732,21213
39.33352,-76.57732,21213
39.33352,-76.57732,21213
39.33352,-76.57732,21213
39.33352,-76.57732,21213
39.33352,-76.57732,21213
39.33352,-76.57732,21213
39.33352,-76.57732,21213
39.33352,-76.57732,21213
39.33352,-76.57732,21213
39.33352,-76.57732,21213
39.33352,-76.57732,21213
39.33352,-76.57732,21213
39.33352,-76.57732,21213
39.33352,-76.57732,21213
39.33352,-76.57732,21213
39.33352,-76.57732,21213
39.33352,-76.57732,21213
39.33352,-76.57732,21213
39.33352,-76.57732,21213
39.33352,-76.57732,21213
39.33352,-76.57732,21213
39.33352,-76.57732,21213
39.33352,-76.57732,21213
39.33352,-76.57732,21213
39.33352,-76.57732,21213
39.33352,-76.57732,21213
39.33352,-76.57732,21213
39.33352,-76.57732,21213
39.33352,-76.57732,21213
39.33352,-76.57732,21213
39.33352,-76.57732,21213
39.33352,-76.57732,21213
39.33352,-76.57732,21213
39.33352,-76.57732,21213
39.33352,-76.57732,21213
39.33352,-76.57732,21213
39.33352,-76.57732,21213
39.33352,-76.57732,21213
39.33352,-76.57732,21213
39.33352,-76.57732,21213
39.33352,-76.57732,21213
39.33352,-76.57732,21213
39.33352,-76.57732,21213
39.33352,-76.57732,21213
39.33352,-76.57732,21213
39.33352,-76.57732,21213
39.33352,-76.57732,21213
39.33352,-76.57732,21213
39.33352,-76.57732,21213
39.33352,-76.57732,21213
39.33352,-76.57732,21213
39.33352,-76.57732,21213
39.33352,-76.57732,21213
39.33352,-76.57732,21213
39.33352,-76.57732,21213
39.33352,-76.57732,21213
39.33352,-76.57732,21213
39.33352,-76.57732,21213
39.33352,-76.57732,21213
39.33352,-76.57732,21213
39.33352,-76.57732,21213
39.33352,-76.57732,21213
39.33352,-76.57732,21213
39.33352,-76.57732,21213
39.33352,-76.57732,21213
39.33352,-76.57732,21213
39.33352,-76.57732,21213
39.33352,-76.57732,21213
39.33352,-76.57732,21213
39.33352,-76.57732,21213
39.33352,-76.57732,21213
39.33352,-76.57732,21213
39.33352,-76.57732,21213
39.33352,-76.57732,21213
39.33352,-76.57732,21213
39.33352,-76.57732,21213
39.33352,-76.57732,21213
39.33352,-76.57732,21213
39.33352,-76.57732,21213
39.33352,-76.57732,21213
39.33352,-76.57732,21213
39.33352,-76.57732,21213
39.33352,-76.57732,21213
39.33352,-76.57732,21213
39.33352,-76.57732,21213
39.33352,-76.57732,21213
39.33352,-76.57732,21213
39.33352,-76.57732,21213
39.33352,-76.57732,21213
39.33352,-76.57732,21213
39.33352,-76.57732,21213
39.33352,-76.57732,21213
39.33352,-76.57732,21213
39.33352,-76.57732,21213
39.33352,-76.57732,21213
39.33352,-76.57732,21213
39.33352,-76.57732,21213
39.33352,-76.57732,21213
39.33352,-76.57732,21213
39.33352,-76.57732,21213
39.33352,-76.57732,21213
39.33352,-76.57732,21213
39.33352,-76.57732,21213
39.33352,-76.57732,21213
39.33352,-76.57732,21213
39.33352,-76.57732,21213
39.33352,-76.57732,21213
39.33352,-76.57732,21213
39.33352,-76.57732,21213
39.31801,-76.55503,21213
39.31801,-76.55503,21213
39.31801,-76.55503,21213
39.31801,-76.55503,21213
39.31801,-76.55503,21213
39.31801,-76.55503,21213
39.31801,-76.55503,21213
39.31801,-76.55503,21213
39.31801,-76.55503,21213
39.31801,-76.55503,21213
39.31801,-76.55503,21213
39.28825,-76.60535,21201
39.28825,-76.60535,21201
39.28825,-76.60535,21201
39.28825,-76.60535,21201
39.28825,-76.60535,21201
39.28825,-76.60535,21201
39.28825,-76.60535,21201
39.28825,-76.60535,21201
39.28825,-76.60535,21201
39.28825,-76.60535,21201
39.28825,-76.60535,21201
39.28825,-76.60535,21201
39.28825,-76.60535,21201
39.28825,-76.60535,21201
39.28825,-76.60535,21201
39.28825,-76.60535,21201
39.28825,-76.60535,21201
39.28825,-76.60535,21201
39.28825,-76.60535,21201
39.28825,-76.60535,21201
39.28825,-76.60535,21201
39.28825,-76.60535,21201
39.28825,-76.60535,21201
39.28825,-76.60535,21201
39.28825,-76.60535,21201
39.28825,-76.60535,21201
39.28825,-76.60535,21201
39.28825,-76.60535,21201
39.28825,-76.60535,21201
39.28825,-76.60535,21201
39.28825,-76.60535,21201
39.28825,-76.60535,21201
39.28825,-76.60535,21201
39.28825,-76.60535,21201
39.28825,-76.60535,21201
39.28825,-76.60535,21201
39.28825,-76.60535,21201
39.28825,-76.60535,21201
39.28825,-76.60535,21201
39.28825,-76.60535,21201
39.28825,-76.60535,21201
39.28825,-76.60535,21201
39.28825,-76.60535,21201
39.28825,-76.60535,21201
39.28825,-76.60535,21201
39.28825,-76.60535,21201
39.28825,-76.60535,21201
39.28825,-76.60535,21201
39.28825,-76.60535,21201
39.28825,-76.60535,21201
39.28825,-76.60535,21201
39.28825,-76.60535,21201
39.28825,-76.60535,21201
39.28825,-76.60535,21201
39.28825,-76.60535,21201
39.28825,-76.60535,21201
39.28825,-76.60535,21201
39.28825,-76.60535,21201
39.28825,-76.60535,21201
39.28825,-76.60535,21201
39.28825,-76.60535,21201
39.28825,-76.60535,21201
39.28825,-76.60535,21201
39.28825,-76.60535,21201
39.28825,-76.60535,21201
39.28825,-76.60535,21201
39.28825,-76.60535,21201
39.28825,-76.60535,21201
39.28825,-76.60535,21201
39.28825,-76.60535,21201
39.28825,-76.60535,21201
39.28825,-76.60535,21201
39.28825,-76.60535,21201
39.28825,-76.60535,21201
39.28825,-76.60535,21201
39.28825,-76.60535,21201
39.28825,-76.60535,21201
39.28825,-76.60535,21201
39.28825,-76.60535,21201
39.28825,-76.60535,21201
39.28825,-76.60535,21201
39.28825,-76.60535,21201
39.28825,-76.60535,21201
39.28825,-76.60535,21201
39.28825,-76.60535,21201
39.28825,-76.60535,21201
39.28825,-76.60535,21201
39.28825,-76.60535,21201
39.28825,-76.60535,21201
39.28825,-76.60535,21201
39.28825,-76.60535,21201
39.28825,-76.60535,21201
39.28825,-76.60535,21201
39.28825,-76.60535,21201
39.28825,-76.60535,21201
39.28825,-76.60535,21201
39.28825,-76.60535,21201
39.28825,-76.60535,21201
39.28825,-76.60535,21201
39.28825,-76.60535,21201
39.28825,-76.60535,21201
39.28825,-76.60535,21201
39.28825,-76.60535,21201
39.28825,-76.60535,21201
39.28825,-76.60535,21201
39.28825,-76.60535,21201
39.28825,-76.60535,21201
39.28825,-76.60535,21201
39.28825,-76.60535,21201
39.28825,-76.60535,21201
39.28825,-76.60535,21201
39.28825,-76.60535,21201
39.28825,-76.60535,21201
39.28825,-76.60535,21201
39.28825,-76.60535,21201
39.28825,-76.60535,21201
39.28825,-76.60535,21201
39.28825,-76.60535,21201
39.28825,-76.60535,21201
39.28825,-76.60535,21201
39.28825,-76.60535,21201
39.28825,-76.60535,21201
39.28825,-76.60535,21201
39.28825,-76.60535,21201
39.28825,-76.60535,21201
39.28825,-76.60535,21201
39.28825,-76.60535,21201
39.28825,-76.60535,21201
39.28825,-76.60535,21201
39.28825,-76.60535,21201
39.28825,-76.60535,21201
39.28825,-76.60535,21201
39.28825,-76.60535,21201
39.28825,-76.60535,21201
39.28825,-76.60535,21201
39.28825,-76.60535,21201
39.28825,-76.60535,21201
39.28825,-76.60535,21201
39.28825,-76.60535,21201
39.28825,-76.60535,21201
39.28825,-76.60535,21201
39.28825,-76.60535,21201
39.28825,-76.60535,21201
39.28825,-76.60535,21201
39.28825,-76.60535,21201
39.28825,-76.60535,21201
39.28825,-76.60535,21201
39.28825,-76.60535,21201
39.28825,-76.60535,21201
39.28825,-76.60535,21201
39.28825,-76.60535,21201
39.28825,-76.60535,21201
39.28825,-76.60535,21201
39.28825,-76.60535,21201
39.28825,-76.60535,21201
39.28825,-76.60535,21201
39.28825,-76.60535,21201
39.28825,-76.60535,21201
39.28825,-76.60535,21201
39.28825,-76.60535,21201
39.28825,-76.60535,21201
39.28825,-76.60535,21201
39.28825,-76.60535,21201
39.28825,-76.60535,21201
39.28825,-76.60535,21201
39.28825,-76.60535,21201
39.28825,-76.60535,21201
39.28825,-76.60535,21201
39.28825,-76.60535,21201
39.28825,-76.60535,21201
39.28825,-76.60535,21201
39.28825,-76.60535,21201
39.28825,-76.60535,21201
39.28825,-76.60535,21201
39.28825,-76.60535,21201
39.28825,-76.60535,21201
39.28825,-76.60535,21201
39.28825,-76.60535,21201
39.28825,-76.60535,21201
39.28825,-76.60535,21201
39.27207,-76.65016,21223
39.27207,-76.65016,21223
39.27207,-76.65016,21223
39.27207,-76.65016,21223
39.27207,-76.65016,21223
39.27207,-76.65016,21223
39.27207,-76.65016,21223
39.27207,-76.65016,21223
39.27207,-76.65016,21223
39.27207,-76.65016,21223
39.27207,-76.65016,21223
39.27207,-76.65016,21223
39.27207,-76.65016,21223
39.27207,-76.65016,21223
39.27207,-76.65016,21223
39.27207,-76.65016,21223
39.27207,-76.65016,21223
39.27207,-76.65016,21223
39.27207,-76.65016,21223
39.27207,-76.65016,21223
39.27207,-76.65016,21223
39.27207,-76.65016,21223
39.27207,-76.65016,21223
39.27207,-76.65016,21223
39.27207,-76.65016,21223
39.27207,-76.65016,21223
39.27207,-76.65016,21223
39.27207,-76.65016,21223
39.27207,-76.65016,21223
39.27207,-76.65016,21223
39.27207,-76.65016,21223
39.27207,-76.65016,21223
39.27207,-76.65016,21223
39.27207,-76.65016,21223
39.27207,-76.65016,21223
39.27207,-76.65016,21223
39.27207,-76.65016,21223
39.27207,-76.65016,21223
39.27207,-76.65016,21223
39.27207,-76.65016,21223
39.27207,-76.65016,21223
39.27207,-76.65016,21223
39.27207,-76.65016,21223
39.27207,-76.65016,21223
39.27207,-76.65016,21223
39.27207,-76.65016,21223
39.27207,-76.65016,21223
39.27207,-76.65016,21223
39.27207,-76.65016,21223
39.27207,-76.65016,21223
39.27207,-76.65016,21223
39.27207,-76.65016,21223
39.27207,-76.65016,21223
39.27207,-76.65016,21223
39.27207,-76.65016,21223
39.27207,-76.65016,21223
39.27207,-76.65016,21223
39.27207,-76.65016,21223
39.27207,-76.65016,21223
39.27207,-76.65016,21223
39.27207,-76.65016,21223
39.27207,-76.65016,21223
39.27207,-76.65016,21223
39.27207,-76.65016,21223
39.27207,-76.65016,21223
39.27207,-76.65016,21223
39.27207,-76.65016,21223
39.27207,-76.65016,21223
39.27207,-76.65016,21223
39.27207,-76.65016,21223
39.27207,-76.65016,21223
39.27207,-76.65016,21223
39.27207,-76.65016,21223
39.27207,-76.65016,21223
39.27207,-76.65016,21223
39.27207,-76.65016,21223
39.27207,-76.65016,21223
39.27207,-76.65016,21223
39.27207,-76.65016,21223
39.27207,-76.65016,21223
39.27207,-76.65016,21223
39.27207,-76.65016,21223
39.27207,-76.65016,21223
39.27207,-76.65016,21223
39.27207,-76.65016,21223
39.27207,-76.65016,21223
39.27207,-76.65016,21223
39.27207,-76.65016,21223
39.27207,-76.65016,21223
39.27207,-76.65016,21223
39.27207,-76.65016,21223
39.27207,-76.65016,21223
39.27207,-76.65016,21223
39.27207,-76.65016,21223
39.27207,-76.65016,21223
39.27207,-76.65016,21223
39.27207,-76.65016,21223
39.27207,-76.65016,21223
39.27207,-76.65016,21223
39.27207,-76.65016,21223
39.27207,-76.65016,21223
39.27207,-76.65016,21223
39.27207,-76.65016,21223
39.27207,-76.65016,21223
39.27207,-76.65016,21223
39.27207,-76.65016,21223
39.27207,-76.65016,21223
39.27207,-76.65016,21223
39.27207,-76.65016,21223
39.27207,-76.65016,21223
39.27207,-76.65016,21223
39.27207,-76.65016,21223
39.27207,-76.65016,21223
39.27207,-76.65016,21223
39.27207,-76.65016,21223
39.27207,-76.65016,21223
39.27207,-76.65016,21223
39.27207,-76.65016,21223
39.27207,-76.65016,21223
39.27207,-76.65016,21223
39.27207,-76.65016,21223
39.27207,-76.65016,21223
39.27207,-76.65016,21223
39.27207,-76.65016,21223
39.27207,-76.65016,21223
39.27207,-76.65016,21223
39.27207,-76.65016,21223
39.27207,-76.65016,21223
39.27207,-76.65016,21223
39.27207,-76.65016,21223
39.27207,-76.65016,21223
39.27207,-76.65016,21223
39.27207,-76.65016,21223
39.27207,-76.65016,21223
39.27207,-76.65016,21223
39.27207,-76.65016,21223
39.27207,-76.65016,21223
39.27207,-76.65016,21223
39.27207,-76.65016,21223
39.27207,-76.65016,21223
39.27207,-76.65016,21223
39.27207,-76.65016,21223
39.27207,-76.65016,21223
39.27207,-76.65016,21223
39.27207,-76.65016,21223
39.27207,-76.65016,21223
39.27207,-76.65016,21223
39.27207,-76.65016,21223
39.27207,-76.65016,21223
39.27207,-76.65016,21223
39.27207,-76.65016,21223
39.27207,-76.65016,21223
39.27207,-76.65016,21223
39.27207,-76.65016,21223
39.27207,-76.65016,21223
39.27207,-76.65016,21223
39.27207,-76.65016,21223
39.27207,-76.65016,21223
39.27207,-76.65016,21223
39.27207,-76.65016,21223
39.27207,-76.65016,21223
39.27207,-76.65016,21223
39.27207,-76.65016,21223
39.27207,-76.65016,21223
39.30539,-76.5386,21205
39.30539,-76.5386,21205
39.30539,-76.5386,21205
39.30539,-76.5386,21205
39.30539,-76.5386,21205
39.30539,-76.5386,21205
39.30539,-76.5386,21205
39.30539,-76.5386,21205
39.30539,-76.5386,21205
39.30539,-76.5386,21205
39.30539,-76.5386,21205
39.30539,-76.5386,21205
39.30539,-76.5386,21205
39.30539,-76.5386,21205
39.30539,-76.5386,21205
39.30539,-76.5386,21205
39.30539,-76.5386,21205
39.30539,-76.5386,21205
39.30539,-76.5386,21205
39.30539,-76.5386,21205
39.30539,-76.5386,21205
39.30539,-76.5386,21205
39.30539,-76.5386,21205
39.30539,-76.5386,21205
39.30539,-76.5386,21205
39.30539,-76.5386,21205
39.30539,-76.5386,21205
39.30539,-76.5386,21205
39.30539,-76.5386,21205
39.30539,-76.5386,21205
39.30539,-76.5386,21205
39.30539,-76.5386,21205
39.30539,-76.5386,21205
39.30539,-76.5386,21205
39.30539,-76.5386,21205
39.30539,-76.5386,21205
39.30539,-76.5386,21205
39.30539,-76.5386,21205
39.30539,-76.5386,21205
39.30539,-76.5386,21205
39.30539,-76.5386,21205
39.30539,-76.5386,21205
39.30539,-76.5386,21205
39.30539,-76.5386,21205
39.30539,-76.5386,21205
39.30539,-76.5386,21205
39.30539,-76.5386,21205
39.30539,-76.5386,21205
39.30539,-76.5386,21205
39.30539,-76.5386,21205
39.30539,-76.5386,21205
39.30539,-76.5386,21205
39.30539,-76.5386,21205
39.30539,-76.5386,21205
39.30539,-76.5386,21205
39.30539,-76.5386,21205
39.30539,-76.5386,21205
39.30539,-76.5386,21205
39.30539,-76.5386,21205
39.30539,-76.5386,21205
39.30539,-76.5386,21205
39.30539,-76.5386,21205
39.30539,-76.5386,21205
39.30539,-76.5386,21205
39.30539,-76.5386,21205
39.30539,-76.5386,21205
39.30539,-76.5386,21205
39.30539,-76.5386,21205
39.30539,-76.5386,21205
39.30539,-76.5386,21205
39.30539,-76.5386,21205
39.30539,-76.5386,21205
39.30539,-76.5386,21205
39.30539,-76.5386,21205
39.30539,-76.5386,21205
39.30539,-76.5386,21205
39.30539,-76.5386,21205
39.30539,-76.5386,21205
39.30539,-76.5386,21205
39.30539,-76.5386,21205
39.30539,-76.5386,21205
39.30539,-76.5386,21205
39.30539,-76.5386,21205
39.30539,-76.5386,21205
39.30539,-76.5386,21205
39.30539,-76.5386,21205
39.30539,-76.5386,21205
39.30539,-76.5386,21205
39.30539,-76.5386,21205
39.30539,-76.5386,21205
39.30539,-76.5386,21205
39.30539,-76.5386,21205
39.30539,-76.5386,21205
39.30539,-76.5386,21205
39.30539,-76.5386,21205
39.30539,-76.5386,21205
39.30539,-76.5386,21205
39.30539,-76.5386,21205
39.30539,-76.5386,21205
39.30539,-76.5386,21205
39.30539,-76.5386,21205
39.30539,-76.5386,21205
39.30539,-76.5386,21205
39.30539,-76.5386,21205
39.30539,-76.5386,21205
39.30539,-76.5386,21205
39.30539,-76.5386,21205
39.30539,-76.5386,21205
39.30539,-76.5386,21205
39.30539,-76.5386,21205
39.30539,-76.5386,21205
39.30539,-76.5386,21205
39.30539,-76.5386,21205
39.30539,-76.5386,21205
39.30539,-76.5386,21205
39.30539,-76.5386,21205
39.30539,-76.5386,21205
39.30539,-76.5386,21205
39.30539,-76.5386,21205
39.30539,-76.5386,21205
39.30539,-76.5386,21205
39.30539,-76.5386,21205
39.30539,-76.5386,21205
39.30539,-76.5386,21205
39.30539,-76.5386,21205
39.30539,-76.5386,21205
39.30539,-76.5386,21205
39.30539,-76.5386,21205
39.30539,-76.5386,21205
39.30539,-76.5386,21205
39.30539,-76.5386,21205
39.30539,-76.5386,21205
39.30539,-76.5386,21205
39.30539,-76.5386,21205
39.30539,-76.5386,21205
39.30539,-76.5386,21205
39.30539,-76.5386,21205
39.30539,-76.5386,21205
39.30539,-76.5386,21205
39.30539,-76.5386,21205
39.30539,-76.5386,21205
39.30539,-76.5386,21205
39.30539,-76.5386,21205
39.30539,-76.5386,21205
39.30539,-76.5386,21205
39.30539,-76.5386,21205
39.30539,-76.5386,21205
39.30539,-76.5386,21205
39.30539,-76.5386,21205
39.30539,-76.5386,21205
39.30539,-76.5386,21205
39.30539,-76.5386,21205
39.30539,-76.5386,21205
39.30539,-76.5386,21205
39.30539,-76.5386,21205
39.30539,-76.5386,21205
39.30539,-76.5386,21205
39.30539,-76.5386,21205
39.30539,-76.5386,21205
39.30539,-76.5386,21205
39.30539,-76.5386,21205
39.30539,-76.5386,21205
39.30539,-76.5386,21205
39.30539,-76.5386,21205
39.34882,-76.58508,21214
39.34882,-76.58508,21214
39.34882,-76.58508,21214
39.34882,-76.58508,21214
39.34882,-76.58508,21214
39.34882,-76.58508,21214
39.34882,-76.58508,21214
39.34882,-76.58508,21214
39.34882,-76.58508,21214
39.34882,-76.58508,21214
39.34882,-76.58508,21214
39.34882,-76.58508,21214
39.34882,-76.58508,21214
39.34882,-76.58508,21214
39.34882,-76.58508,21214
39.34882,-76.58508,21214
39.34882,-76.58508,21214
39.34882,-76.58508,21214
39.34882,-76.58508,21214
39.34882,-76.58508,21214
39.34882,-76.58508,21214
39.34882,-76.58508,21214
39.34882,-76.58508,21214
39.34882,-76.58508,21214
39.34882,-76.58508,21214
39.34882,-76.58508,21214
39.34882,-76.58508,21214
39.34882,-76.58508,21214
39.34882,-76.58508,21214
39.34882,-76.58508,21214
39.34882,-76.58508,21214
39.34882,-76.58508,21214
39.34882,-76.58508,21214
39.34882,-76.58508,21214
39.34882,-76.58508,21214
39.34882,-76.58508,21214
39.34882,-76.58508,21214
39.34882,-76.58508,21214
39.34882,-76.58508,21214
39.34882,-76.58508,21214
39.34882,-76.58508,21214
39.34882,-76.58508,21214
39.34882,-76.58508,21214
39.34882,-76.58508,21214
39.34882,-76.58508,21214
39.34882,-76.58508,21214
39.34882,-76.58508,21214
39.34882,-76.58508,21214
39.34882,-76.58508,21214
39.34882,-76.58508,21214
39.34882,-76.58508,21214
39.34882,-76.58508,21214
39.34882,-76.58508,21214
39.34882,-76.58508,21214
39.34882,-76.58508,21214
39.34882,-76.58508,21214
39.34882,-76.58508,21214
39.34882,-76.58508,21214
39.34882,-76.58508,21214
39.34882,-76.58508,21214
39.34882,-76.58508,21214
39.34882,-76.58508,21214
39.34882,-76.58508,21214
39.34882,-76.58508,21214
39.34882,-76.58508,21214
39.34882,-76.58508,21214
39.34882,-76.58508,21214
39.34882,-76.58508,21214
39.34882,-76.58508,21214
39.34882,-76.58508,21214
39.34882,-76.58508,21214
39.34882,-76.58508,21214
39.34882,-76.58508,21214
39.34882,-76.58508,21214
39.34882,-76.58508,21214
39.34882,-76.58508,21214
39.34882,-76.58508,21214
39.34882,-76.58508,21214
39.34882,-76.58508,21214
39.34882,-76.58508,21214
39.34882,-76.58508,21214
39.34882,-76.58508,21214
39.34882,-76.58508,21214
39.34882,-76.58508,21214
39.34882,-76.58508,21214
39.34882,-76.58508,21214
39.34882,-76.58508,21214
39.34882,-76.58508,21214
39.34882,-76.58508,21214
39.34882,-76.58508,21214
39.34882,-76.58508,21214
39.34882,-76.58508,21214
39.34882,-76.58508,21214
39.34882,-76.58508,21214
39.34882,-76.58508,21214
39.34882,-76.58508,21214
39.34882,-76.58508,21214
39.34882,-76.58508,21214
39.34882,-76.58508,21214
39.34882,-76.58508,21214
39.34882,-76.58508,21214
39.34882,-76.58508,21214
39.34882,-76.58508,21214
39.34882,-76.58508,21214
39.34882,-76.58508,21214
39.34882,-76.58508,21214
39.34882,-76.58508,21214
39.34882,-76.58508,21214
39.34882,-76.58508,21214
39.34882,-76.58508,21214
39.34882,-76.58508,21214
39.34882,-76.58508,21214
39.34882,-76.58508,21214
39.34882,-76.58508,21214
39.34882,-76.58508,21214
39.34882,-76.58508,21214
39.34882,-76.58508,21214
39.34882,-76.58508,21214
39.34882,-76.58508,21214
39.34882,-76.58508,21214
39.34882,-76.58508,21214
39.34882,-76.58508,21214
39.34882,-76.58508,21214
39.34882,-76.58508,21214
39.34882,-76.58508,21214
39.34882,-76.58508,21214
39.34882,-76.58508,21214
39.34882,-76.58508,21214
39.34882,-76.58508,21214
39.34882,-76.58508,21214
39.34882,-76.58508,21214
39.34882,-76.58508,21214
39.34882,-76.58508,21214
39.34882,-76.58508,21214
39.34882,-76.58508,21214
39.34882,-76.58508,21214
39.34882,-76.58508,21214
39.34882,-76.58508,21214
39.34882,-76.58508,21214
39.34882,-76.58508,21214
39.34882,-76.58508,21214
39.34882,-76.58508,21214
39.34882,-76.58508,21214
39.34882,-76.58508,21214
39.35876,-76.57384,21214
39.35876,-76.57384,21214
39.35876,-76.57384,21214
39.35876,-76.57384,21214
39.35876,-76.57384,21214
39.35876,-76.57384,21214
39.35876,-76.57384,21214
39.35876,-76.57384,21214
39.35876,-76.57384,21214
39.35876,-76.57384,21214
39.35876,-76.57384,21214
39.35876,-76.57384,21214
39.35876,-76.57384,21214
39.35876,-76.57384,21214
39.35876,-76.57384,21214
39.35876,-76.57384,21214
39.35876,-76.57384,21214
39.35876,-76.57384,21214
39.35876,-76.57384,21214
39.35876,-76.57384,21214
39.35876,-76.57384,21214
39.35876,-76.57384,21214
39.35876,-76.57384,21214
39.35876,-76.57384,21214
39.35876,-76.57384,21214
39.35876,-76.57384,21214
39.35876,-76.57384,21214
39.35876,-76.57384,21214
39.35876,-76.57384,21214
39.35876,-76.57384,21214
39.35876,-76.57384,21214
39.35876,-76.57384,21214
39.35876,-76.57384,21214
39.35876,-76.57384,21214
39.35876,-76.57384,21214
39.35876,-76.57384,21214
39.35876,-76.57384,21214
39.35876,-76.57384,21214
39.35876,-76.57384,21214
39.35876,-76.57384,21214
39.35876,-76.57384,21214
39.35876,-76.57384,21214
39.35876,-76.57384,21214
39.35876,-76.57384,21214
39.35876,-76.57384,21214
39.35876,-76.57384,21214
39.35876,-76.57384,21214
39.35876,-76.57384,21214
39.35876,-76.57384,21214
39.35876,-76.57384,21214
39.35876,-76.57384,21214
39.35876,-76.57384,21214
39.35876,-76.57384,21214
39.35876,-76.57384,21214
39.35876,-76.57384,21214
39.35876,-76.57384,21214
39.35876,-76.57384,21214
39.35876,-76.57384,21214
39.35876,-76.57384,21214
39.35876,-76.57384,21214
39.35876,-76.57384,21214
39.35876,-76.57384,21214
39.35876,-76.57384,21214
39.35876,-76.57384,21214
39.35876,-76.57384,21214
39.35876,-76.57384,21214
39.35876,-76.57384,21214
39.35876,-76.57384,21214
39.35876,-76.57384,21214
39.35876,-76.57384,21214
39.35876,-76.57384,21214
39.35876,-76.57384,21214
39.35876,-76.57384,21214
39.35876,-76.57384,21214
39.35876,-76.57384,21214
39.35876,-76.57384,21214
39.35876,-76.57384,21214
39.35876,-76.57384,21214
39.35876,-76.57384,21214
39.35876,-76.57384,21214
39.35876,-76.57384,21214
39.35876,-76.57384,21214
39.35876,-76.57384,21214
39.35876,-76.57384,21214
39.35876,-76.57384,21214
39.35876,-76.57384,21214
39.35876,-76.57384,21214
39.35876,-76.57384,21214
39.35876,-76.57384,21214
39.35876,-76.57384,21214
39.35876,-76.57384,21214
39.35876,-76.57384,21214
39.35876,-76.57384,21214
39.35876,-76.57384,21214
39.35876,-76.57384,21214
39.35876,-76.57384,21214
39.35876,-76.57384,21214
39.35876,-76.57384,21214
39.35876,-76.57384,21214
39.35876,-76.57384,21214
39.35876,-76.57384,21214
39.35876,-76.57384,21214
39.35876,-76.57384,21214
39.35876,-76.57384,21214
39.35876,-76.57384,21214
39.35876,-76.57384,21214
39.35876,-76.57384,21214
39.35876,-76.57384,21214
39.35876,-76.57384,21214
39.35876,-76.57384,21214
39.35876,-76.57384,21214
39.35876,-76.57384,21214
39.35876,-76.57384,21214
39.35876,-76.57384,21214
39.35876,-76.57384,21214
39.35876,-76.57384,21214
39.35876,-76.57384,21214
39.35876,-76.57384,21214
39.35876,-76.57384,21214
39.35876,-76.57384,21214
39.35876,-76.57384,21214
39.35876,-76.57384,21214
39.35876,-76.57384,21214
39.35876,-76.57384,21214
39.35876,-76.57384,21214
39.35876,-76.57384,21214
39.35876,-76.57384,21214
39.35876,-76.57384,21214
39.35876,-76.57384,21214
39.35876,-76.57384,21214
39.35876,-76.57384,21214
39.35876,-76.57384,21214
39.35876,-76.57384,21214
39.35876,-76.57384,21214
39.35876,-76.57384,21214
39.35876,-76.57384,21214
39.35876,-76.57384,21214
39.35876,-76.57384,21214
39.35876,-76.57384,21214
39.35876,-76.57384,21214
39.35876,-76.57384,21214
39.35876,-76.57384,21214
39.35876,-76.57384,21214
39.35876,-76.57384,21214
39.35876,-76.57384,21214
39.35876,-76.57384,21214
39.35876,-76.57384,21214
39.35876,-76.57384,21214
39.35876,-76.57384,21214
39.35876,-76.57384,21214
39.35876,-76.57384,21214
39.35876,-76.57384,21214
39.35876,-76.57384,21214
39.35876,-76.57384,21214
39.35876,-76.57384,21214
39.35876,-76.57384,21214
39.35876,-76.57384,21214
39.30287,-76.6743,21216
39.30287,-76.6743,21216
39.30287,-76.6743,21216
39.30287,-76.6743,21216
39.30287,-76.6743,21216
39.30287,-76.6743,21216
39.30287,-76.6743,21216
39.30287,-76.6743,21216
39.30287,-76.6743,21216
39.30287,-76.6743,21216
39.30287,-76.6743,21216
39.30287,-76.6743,21216
39.30287,-76.6743,21216
39.30287,-76.6743,21216
39.30287,-76.6743,21216
39.30287,-76.6743,21216
39.30287,-76.6743,21216
39.30287,-76.6743,21216
39.30287,-76.6743,21216
39.30287,-76.6743,21216
39.30287,-76.6743,21216
39.30287,-76.6743,21216
39.30287,-76.6743,21216
39.30287,-76.6743,21216
39.30287,-76.6743,21216
39.30287,-76.6743,21216
39.30287,-76.6743,21216
39.30287,-76.6743,21216
39.30287,-76.6743,21216
39.30287,-76.6743,21216
39.30287,-76.6743,21216
39.30287,-76.6743,21216
39.30287,-76.6743,21216
39.30287,-76.6743,21216
39.30287,-76.6743,21216
39.30287,-76.6743,21216
39.30287,-76.6743,21216
39.30287,-76.6743,21216
39.30287,-76.6743,21216
39.30287,-76.6743,21216
39.30287,-76.6743,21216
39.30287,-76.6743,21216
39.30287,-76.6743,21216
39.30287,-76.6743,21216
39.30287,-76.6743,21216
39.30287,-76.6743,21216
39.30287,-76.6743,21216
39.30287,-76.6743,21216
39.30287,-76.6743,21216
39.30287,-76.6743,21216
39.30287,-76.6743,21216
39.30287,-76.6743,21216
39.30287,-76.6743,21216
39.30287,-76.6743,21216
39.30287,-76.6743,21216
39.30287,-76.6743,21216
39.30287,-76.6743,21216
39.30287,-76.6743,21216
39.30287,-76.6743,21216
39.30287,-76.6743,21216
39.30287,-76.6743,21216
39.30287,-76.6743,21216
39.30287,-76.6743,21216
39.30287,-76.6743,21216
39.30287,-76.6743,21216
39.30287,-76.6743,21216
39.30287,-76.6743,21216
39.30287,-76.6743,21216
39.30287,-76.6743,21216
39.30287,-76.6743,21216
39.30287,-76.6743,21216
39.30287,-76.6743,21216
39.30287,-76.6743,21216
39.30287,-76.6743,21216
39.30287,-76.6743,21216
39.30287,-76.6743,21216
39.30287,-76.6743,21216
39.30287,-76.6743,21216
39.30287,-76.6743,21216
39.30287,-76.6743,21216
39.30287,-76.6743,21216
39.30287,-76.6743,21216
39.30287,-76.6743,21216
39.30287,-76.6743,21216
39.30287,-76.6743,21216
39.30287,-76.6743,21216
39.30287,-76.6743,21216
39.30287,-76.6743,21216
39.30287,-76.6743,21216
39.30287,-76.6743,21216
39.30287,-76.6743,21216
39.30287,-76.6743,21216
39.30287,-76.6743,21216
39.30287,-76.6743,21216
39.30287,-76.6743,21216
39.30287,-76.6743,21216
39.30287,-76.6743,21216
39.30287,-76.6743,21216
39.30287,-76.6743,21216
39.30287,-76.6743,21216
39.30287,-76.6743,21216
39.30287,-76.6743,21216
39.30287,-76.6743,21216
39.30287,-76.6743,21216
39.30287,-76.6743,21216
39.30287,-76.6743,21216
39.30287,-76.6743,21216
39.30287,-76.6743,21216
39.30287,-76.6743,21216
39.30287,-76.6743,21216
39.30287,-76.6743,21216
39.30287,-76.6743,21216
39.30287,-76.6743,21216
39.30287,-76.6743,21216
39.30287,-76.6743,21216
39.30287,-76.6743,21216
39.30287,-76.6743,21216
39.30287,-76.6743,21216
39.30287,-76.6743,21216
39.30287,-76.6743,21216
39.30287,-76.6743,21216
39.30287,-76.6743,21216
39.30287,-76.6743,21216
39.30287,-76.6743,21216
39.30287,-76.6743,21216
39.30287,-76.6743,21216
39.30287,-76.6743,21216
39.30287,-76.6743,21216
39.30287,-76.6743,21216
39.30287,-76.6743,21216
39.30287,-76.6743,21216
39.30287,-76.6743,21216
39.30287,-76.6743,21216
39.30287,-76.6743,21216
39.30287,-76.6743,21216
39.30287,-76.6743,21216
39.30287,-76.6743,21216
39.30287,-76.6743,21216
39.30287,-76.6743,21216
39.30287,-76.6743,21216
39.30287,-76.6743,21216
39.30287,-76.6743,21216
39.30287,-76.6743,21216
39.30287,-76.6743,21216
39.30287,-76.6743,21216
39.30287,-76.6743,21216
39.30287,-76.6743,21216
39.30287,-76.6743,21216
39.30287,-76.6743,21216
39.30287,-76.6743,21216
39.30287,-76.6743,21216
39.30287,-76.6743,21216
39.30287,-76.6743,21216
39.30287,-76.6743,21216
39.30287,-76.6743,21216
39.30287,-76.6743,21216
39.3027,-76.67416,21216
39.3027,-76.67416,21216
39.3027,-76.67416,21216
39.3027,-76.67416,21216
39.3027,-76.67416,21216
39.3027,-76.67416,21216
39.3027,-76.67416,21216
39.3027,-76.67416,21216
39.3027,-76.67416,21216
39.3027,-76.67416,21216
39.3027,-76.67416,21216
39.3027,-76.67416,21216
39.3027,-76.67416,21216
39.3027,-76.67416,21216
39.3027,-76.67416,21216
39.3027,-76.67416,21216
39.3027,-76.67416,21216
39.3027,-76.67416,21216
39.3027,-76.67416,21216
39.3027,-76.67416,21216
39.3027,-76.67416,21216
39.3027,-76.67416,21216
39.3027,-76.67416,21216
39.3027,-76.67416,21216
39.3027,-76.67416,21216
39.3027,-76.67416,21216
39.3027,-76.67416,21216
39.3027,-76.67416,21216
39.3027,-76.67416,21216
39.3027,-76.67416,21216
39.3027,-76.67416,21216
39.3027,-76.67416,21216
39.3027,-76.67416,21216
39.3027,-76.67416,21216
39.3027,-76.67416,21216
39.3027,-76.67416,21216
39.3027,-76.67416,21216
39.3027,-76.67416,21216
39.3027,-76.67416,21216
39.3027,-76.67416,21216
39.3027,-76.67416,21216
39.3027,-76.67416,21216
39.3027,-76.67416,21216
39.3027,-76.67416,21216
39.3027,-76.67416,21216
39.3027,-76.67416,21216
39.3027,-76.67416,21216
39.3027,-76.67416,21216
39.3027,-76.67416,21216
39.3027,-76.67416,21216
39.3027,-76.67416,21216
39.3027,-76.67416,21216
39.3027,-76.67416,21216
39.3027,-76.67416,21216
39.3027,-76.67416,21216
39.3027,-76.67416,21216
39.3027,-76.67416,21216
39.3027,-76.67416,21216
39.3027,-76.67416,21216
39.3027,-76.67416,21216
39.3027,-76.67416,21216
39.3027,-76.67416,21216
39.3027,-76.67416,21216
39.3027,-76.67416,21216
39.3027,-76.67416,21216
39.3027,-76.67416,21216
39.3027,-76.67416,21216
39.3027,-76.67416,21216
39.3027,-76.67416,21216
39.3027,-76.67416,21216
39.3027,-76.67416,21216
39.3027,-76.67416,21216
39.3027,-76.67416,21216
39.3027,-76.67416,21216
39.3027,-76.67416,21216
39.3027,-76.67416,21216
39.3027,-76.67416,21216
39.3027,-76.67416,21216
39.3027,-76.67416,21216
39.3027,-76.67416,21216
39.3027,-76.67416,21216
39.3027,-76.67416,21216
39.3027,-76.67416,21216
39.3027,-76.67416,21216
39.3027,-76.67416,21216
39.3027,-76.67416,21216
39.3027,-76.67416,21216
39.3027,-76.67416,21216
39.3027,-76.67416,21216
39.3027,-76.67416,21216
39.3027,-76.67416,21216
39.3027,-76.67416,21216
39.3027,-76.67416,21216
39.3027,-76.67416,21216
39.3027,-76.67416,21216
39.3027,-76.67416,21216
39.3027,-76.67416,21216
39.3027,-76.67416,21216
39.3027,-76.67416,21216
39.3027,-76.67416,21216
39.3027,-76.67416,21216
39.3027,-76.67416,21216
39.3027,-76.67416,21216
39.3027,-76.67416,21216
39.3027,-76.67416,21216
39.3027,-76.67416,21216
39.3027,-76.67416,21216
39.3027,-76.67416,21216
39.3027,-76.67416,21216
39.3027,-76.67416,21216
39.3027,-76.67416,21216
39.3027,-76.67416,21216
39.3027,-76.67416,21216
39.3027,-76.67416,21216
39.3027,-76.67416,21216
39.3027,-76.67416,21216
39.3027,-76.67416,21216
39.3027,-76.67416,21216
39.3027,-76.67416,21216
39.3027,-76.67416,21216
39.3027,-76.67416,21216
39.3027,-76.67416,21216
39.3027,-76.67416,21216
39.3027,-76.67416,21216
39.3027,-76.67416,21216
39.3027,-76.67416,21216
39.3027,-76.67416,21216
39.3027,-76.67416,21216
39.3027,-76.67416,21216
39.3027,-76.67416,21216
39.3027,-76.67416,21216
39.3027,-76.67416,21216
39.3027,-76.67416,21216
39.3027,-76.67416,21216
39.3027,-76.67416,21216
39.3027,-76.67416,21216
39.3027,-76.67416,21216
39.3027,-76.67416,21216
39.3027,-76.67416,21216
39.3027,-76.67416,21216
39.3027,-76.67416,21216
39.3027,-76.67416,21216
39.3027,-76.67416,21216
39.3027,-76.67416,21216
39.3027,-76.67416,21216
39.3027,-76.67416,21216
39.3027,-76.67416,21216
39.3027,-76.67416,21216
39.3027,-76.67416,21216
39.3027,-76.67416,21216
39.3027,-76.67416,21216
39.3027,-76.67416,21216
39.3027,-76.67416,21216
39.3027,-76.67416,21216
39.3027,-76.67416,21216
39.3027,-76.67416,21216
39.3027,-76.67416,21216
39.3027,-76.67416,21216
39.27412,-76.62541,21230
39.27412,-76.62541,21230
39.27412,-76.62541,21230
39.27412,-76.62541,21230
39.27412,-76.62541,21230
39.27412,-76.62541,21230
39.27412,-76.62541,21230
39.27412,-76.62541,21230
39.27412,-76.62541,21230
39.27412,-76.62541,21230
39.27412,-76.62541,21230
39.27412,-76.62541,21230
39.27412,-76.62541,21230
39.27412,-76.62541,21230
39.27412,-76.62541,21230
39.27412,-76.62541,21230
39.27412,-76.62541,21230
39.27412,-76.62541,21230
39.27412,-76.62541,21230
39.27412,-76.62541,21230
39.27412,-76.62541,21230
39.27412,-76.62541,21230
39.27412,-76.62541,21230
39.27412,-76.62541,21230
39.27412,-76.62541,21230
39.27412,-76.62541,21230
39.27412,-76.62541,21230
39.27412,-76.62541,21230
39.27412,-76.62541,21230
39.27412,-76.62541,21230
39.27412,-76.62541,21230
39.27412,-76.62541,21230
39.27412,-76.62541,21230
39.27412,-76.62541,21230
39.27412,-76.62541,21230
39.27412,-76.62541,21230
39.27412,-76.62541,21230
39.27412,-76.62541,21230
39.27412,-76.62541,21230
39.27412,-76.62541,21230
39.27412,-76.62541,21230
39.27412,-76.62541,21230
39.27412,-76.62541,21230
39.27412,-76.62541,21230
39.27412,-76.62541,21230
39.27412,-76.62541,21230
39.27412,-76.62541,21230
39.27412,-76.62541,21230
39.27412,-76.62541,21230
39.27412,-76.62541,21230
39.27412,-76.62541,21230
39.27412,-76.62541,21230
39.27412,-76.62541,21230
39.27412,-76.62541,21230
39.27412,-76.62541,21230
39.27412,-76.62541,21230
39.27412,-76.62541,21230
39.27412,-76.62541,21230
39.27412,-76.62541,21230
39.27412,-76.62541,21230
39.27412,-76.62541,21230
39.27412,-76.62541,21230
39.27412,-76.62541,21230
39.27412,-76.62541,21230
39.27412,-76.62541,21230
39.27412,-76.62541,21230
39.27412,-76.62541,21230
39.27412,-76.62541,21230
39.27412,-76.62541,21230
39.27412,-76.62541,21230
39.27412,-76.62541,21230
39.27412,-76.62541,21230
39.27412,-76.62541,21230
39.27412,-76.62541,21230
39.27412,-76.62541,21230
39.27412,-76.62541,21230
39.27412,-76.62541,21230
39.27412,-76.62541,21230
39.27412,-76.62541,21230
39.27412,-76.62541,21230
39.27412,-76.62541,21230
39.27412,-76.62541,21230
39.27412,-76.62541,21230
39.27412,-76.62541,21230
39.27412,-76.62541,21230
39.27412,-76.62541,21230
39.27412,-76.62541,21230
39.27412,-76.62541,21230
39.27412,-76.62541,21230
39.27412,-76.62541,21230
39.27412,-76.62541,21230
39.27412,-76.62541,21230
39.27412,-76.62541,21230
39.27412,-76.62541,21230
39.27412,-76.62541,21230
39.27412,-76.62541,21230
39.27412,-76.62541,21230
39.27412,-76.62541,21230
39.27412,-76.62541,21230
39.27412,-76.62541,21230
39.27412,-76.62541,21230
39.27412,-76.62541,21230
39.27412,-76.62541,21230
39.27412,-76.62541,21230
39.27412,-76.62541,21230
39.27412,-76.62541,21230
39.27412,-76.62541,21230
39.27412,-76.62541,21230
39.27412,-76.62541,21230
39.27412,-76.62541,21230
39.27412,-76.62541,21230
39.27412,-76.62541,21230
39.27412,-76.62541,21230
39.27412,-76.62541,21230
39.27412,-76.62541,21230
39.27412,-76.62541,21230
39.27412,-76.62541,21230
39.27412,-76.62541,21230
39.27412,-76.62541,21230
39.27412,-76.62541,21230
39.27412,-76.62541,21230
39.27412,-76.62541,21230
39.27412,-76.62541,21230
39.27412,-76.62541,21230
39.27412,-76.62541,21230
39.27412,-76.62541,21230
39.27412,-76.62541,21230
39.27412,-76.62541,21230
39.27412,-76.62541,21230
39.27412,-76.62541,21230
39.27412,-76.62541,21230
39.27412,-76.62541,21230
39.27412,-76.62541,21230
39.27412,-76.62541,21230
39.27412,-76.62541,21230
39.27412,-76.62541,21230
39.27412,-76.62541,21230
39.27412,-76.62541,21230
39.27412,-76.62541,21230
39.27412,-76.62541,21230
39.27412,-76.62541,21230
39.27412,-76.62541,21230
39.27412,-76.62541,21230
39.27412,-76.62541,21230
39.27412,-76.62541,21230
39.27412,-76.62541,21230
39.27412,-76.62541,21230
39.27412,-76.62541,21230
39.27412,-76.62541,21230
39.27412,-76.62541,21230
39.27412,-76.62541,21230
39.27412,-76.62541,21230
39.27412,-76.62541,21230
39.26137,-76.55798,21224
39.26137,-76.55798,21224
39.26137,-76.55798,21224
39.26137,-76.55798,21224
39.26137,-76.55798,21224
39.26137,-76.55798,21224
39.26137,-76.55798,21224
39.26137,-76.55798,21224
39.26137,-76.55798,21224
39.26137,-76.55798,21224
39.26137,-76.55798,21224
39.26137,-76.55798,21224
39.26137,-76.55798,21224
39.26137,-76.55798,21224
39.26137,-76.55798,21224
39.26137,-76.55798,21224
39.26137,-76.55798,21224
39.26137,-76.55798,21224
39.26137,-76.55798,21224
39.26137,-76.55798,21224
39.26137,-76.55798,21224
39.26137,-76.55798,21224
39.26137,-76.55798,21224
39.26137,-76.55798,21224
39.26137,-76.55798,21224
39.26137,-76.55798,21224
39.26137,-76.55798,21224
39.26137,-76.55798,21224
39.26137,-76.55798,21224
39.26137,-76.55798,21224
39.26137,-76.55798,21224
39.26137,-76.55798,21224
39.26137,-76.55798,21224
39.26137,-76.55798,21224
39.26137,-76.55798,21224
39.26137,-76.55798,21224
39.26137,-76.55798,21224
39.26137,-76.55798,21224
39.26137,-76.55798,21224
39.26137,-76.55798,21224
39.26137,-76.55798,21224
39.26137,-76.55798,21224
39.26137,-76.55798,21224
39.26137,-76.55798,21224
39.26137,-76.55798,21224
39.26137,-76.55798,21224
39.26137,-76.55798,21224
39.26137,-76.55798,21224
39.26137,-76.55798,21224
39.26137,-76.55798,21224
39.26137,-76.55798,21224
39.26137,-76.55798,21224
39.26137,-76.55798,21224
39.26137,-76.55798,21224
39.26137,-76.55798,21224
39.26137,-76.55798,21224
39.26137,-76.55798,21224
39.26137,-76.55798,21224
39.26137,-76.55798,21224
39.26137,-76.55798,21224
39.26137,-76.55798,21224
39.26137,-76.55798,21224
39.26137,-76.55798,21224
39.26137,-76.55798,21224
39.26137,-76.55798,21224
39.26137,-76.55798,21224
39.26137,-76.55798,21224
39.26137,-76.55798,21224
39.26137,-76.55798,21224
39.26137,-76.55798,21224
39.26137,-76.55798,21224
39.26137,-76.55798,21224
39.26137,-76.55798,21224
39.26137,-76.55798,21224
39.26137,-76.55798,21224
39.26137,-76.55798,21224
39.26137,-76.55798,21224
39.26137,-76.55798,21224
39.26137,-76.55798,21224
39.26137,-76.55798,21224
39.26137,-76.55798,21224
39.26137,-76.55798,21224
39.26137,-76.55798,21224
39.26137,-76.55798,21224
39.26137,-76.55798,21224
39.26137,-76.55798,21224
39.26137,-76.55798,21224
39.26137,-76.55798,21224
39.26137,-76.55798,21224
39.26137,-76.55798,21224
39.26137,-76.55798,21224
39.26137,-76.55798,21224
39.26137,-76.55798,21224
39.26137,-76.55798,21224
39.26137,-76.55798,21224
39.26137,-76.55798,21224
39.26137,-76.55798,21224
39.26137,-76.55798,21224
39.26137,-76.55798,21224
39.26137,-76.55798,21224
39.26137,-76.55798,21224
39.26137,-76.55798,21224
39.26137,-76.55798,21224
39.26137,-76.55798,21224
39.26137,-76.55798,21224
39.26137,-76.55798,21224
39.26137,-76.55798,21224
39.26137,-76.55798,21224
39.26137,-76.55798,21224
39.26137,-76.55798,21224
39.26137,-76.55798,21224
39.26137,-76.55798,21224
39.26137,-76.55798,21224
39.26137,-76.55798,21224
39.26137,-76.55798,21224
39.26137,-76.55798,21224
39.26137,-76.55798,21224
39.26137,-76.55798,21224
39.26137,-76.55798,21224
39.26137,-76.55798,21224
39.26137,-76.55798,21224
39.26137,-76.55798,21224
39.26137,-76.55798,21224
39.26137,-76.55798,21224
39.26137,-76.55798,21224
39.26137,-76.55798,21224
39.26137,-76.55798,21224
39.26137,-76.55798,21224
39.26137,-76.55798,21224
39.26137,-76.55798,21224
39.26137,-76.55798,21224
39.26137,-76.55798,21224
39.26137,-76.55798,21224
39.26137,-76.55798,21224
39.26137,-76.55798,21224
39.26137,-76.55798,21224
39.26137,-76.55798,21224
39.26137,-76.55798,21224
39.26137,-76.55798,21224
39.26137,-76.55798,21224
39.26137,-76.55798,21224
39.2608,-76.55451,21224
39.2608,-76.55451,21224
39.2608,-76.55451,21224
39.2608,-76.55451,21224
39.2608,-76.55451,21224
39.2608,-76.55451,21224
39.2608,-76.55451,21224
39.2608,-76.55451,21224
39.2608,-76.55451,21224
39.2608,-76.55451,21224
39.2608,-76.55451,21224
39.2608,-76.55451,21224
39.2608,-76.55451,21224
39.2608,-76.55451,21224
39.2608,-76.55451,21224
39.2608,-76.55451,21224
39.2608,-76.55451,21224
39.2608,-76.55451,21224
39.2608,-76.55451,21224
39.2608,-76.55451,21224
39.2608,-76.55451,21224
39.2608,-76.55451,21224
39.2608,-76.55451,21224
39.2608,-76.55451,21224
39.2608,-76.55451,21224
39.2608,-76.55451,21224
39.2608,-76.55451,21224
39.2608,-76.55451,21224
39.2608,-76.55451,21224
39.2608,-76.55451,21224
39.2608,-76.55451,21224
39.2608,-76.55451,21224
39.2608,-76.55451,21224
39.2608,-76.55451,21224
39.2608,-76.55451,21224
39.2608,-76.55451,21224
39.2608,-76.55451,21224
39.2608,-76.55451,21224
39.2608,-76.55451,21224
39.2608,-76.55451,21224
39.2608,-76.55451,21224
39.2608,-76.55451,21224
39.28022,-76.57992,21231
39.28022,-76.57992,21231
39.28022,-76.57992,21231
39.28022,-76.57992,21231
39.28022,-76.57992,21231
39.28022,-76.57992,21231
39.28022,-76.57992,21231
39.28022,-76.57992,21231
39.28022,-76.57992,21231
39.28022,-76.57992,21231
39.28022,-76.57992,21231
39.28022,-76.57992,21231
39.28022,-76.57992,21231
39.28022,-76.57992,21231
39.28022,-76.57992,21231
39.28022,-76.57992,21231
39.28022,-76.57992,21231
39.28022,-76.57992,21231
39.28022,-76.57992,21231
39.28022,-76.57992,21231
39.28022,-76.57992,21231
39.28022,-76.57992,21231
39.28022,-76.57992,21231
39.28022,-76.57992,21231
39.28022,-76.57992,21231
39.28022,-76.57992,21231
39.28022,-76.57992,21231
39.28022,-76.57992,21231
39.28022,-76.57992,21231
39.28022,-76.57992,21231
39.28022,-76.57992,21231
39.28022,-76.57992,21231
39.28022,-76.57992,21231
39.28022,-76.57992,21231
39.28022,-76.57992,21231
39.28022,-76.57992,21231
39.28022,-76.57992,21231
39.28022,-76.57992,21231
39.28022,-76.57992,21231
39.28022,-76.57992,21231
39.28022,-76.57992,21231
39.28022,-76.57992,21231
39.28022,-76.57992,21231
39.28022,-76.57992,21231
39.28022,-76.57992,21231
39.28022,-76.57992,21231
39.28022,-76.57992,21231
39.28022,-76.57992,21231
39.28022,-76.57992,21231
39.28022,-76.57992,21231
39.28022,-76.57992,21231
39.28022,-76.57992,21231
39.28022,-76.57992,21231
39.28022,-76.57992,21231
39.28022,-76.57992,21231
39.28022,-76.57992,21231
39.28022,-76.57992,21231
39.28022,-76.57992,21231
39.28022,-76.57992,21231
39.28022,-76.57992,21231
39.28022,-76.57992,21231
39.28022,-76.57992,21231
39.28022,-76.57992,21231
39.28022,-76.57992,21231
39.28022,-76.57992,21231
39.28022,-76.57992,21231
39.28022,-76.57992,21231
39.28022,-76.57992,21231
39.28022,-76.57992,21231
39.28022,-76.57992,21231
39.28022,-76.57992,21231
39.28022,-76.57992,21231
39.28022,-76.57992,21231
39.28022,-76.57992,21231
39.28022,-76.57992,21231
39.28022,-76.57992,21231
39.28022,-76.57992,21231
39.28022,-76.57992,21231
39.28022,-76.57992,21231
39.28022,-76.57992,21231
39.28022,-76.57992,21231
39.28022,-76.57992,21231
39.28022,-76.57992,21231
39.28022,-76.57992,21231
39.28022,-76.57992,21231
39.28022,-76.57992,21231
39.28022,-76.57992,21231
39.28022,-76.57992,21231
39.28022,-76.57992,21231
39.28022,-76.57992,21231
39.28022,-76.57992,21231
39.28022,-76.57992,21231
39.28022,-76.57992,21231
39.28022,-76.57992,21231
39.28022,-76.57992,21231
39.28022,-76.57992,21231
39.28022,-76.57992,21231
39.28022,-76.57992,21231
39.28022,-76.57992,21231
39.28022,-76.57992,21231
39.28022,-76.57992,21231
39.28022,-76.57992,21231
39.28022,-76.57992,21231
39.28022,-76.57992,21231
39.28022,-76.57992,21231
39.28022,-76.57992,21231
39.28022,-76.57992,21231
39.28022,-76.57992,21231
39.28022,-76.57992,21231
39.28022,-76.57992,21231
39.28022,-76.57992,21231
39.28022,-76.57992,21231
39.28022,-76.57992,21231
39.28022,-76.57992,21231
39.28022,-76.57992,21231
39.28022,-76.57992,21231
39.28022,-76.57992,21231
39.28022,-76.57992,21231
39.28022,-76.57992,21231
39.28022,-76.57992,21231
39.28022,-76.57992,21231
39.28022,-76.57992,21231
39.28022,-76.57992,21231
39.28022,-76.57992,21231
39.28022,-76.57992,21231
39.28022,-76.57992,21231
39.28022,-76.57992,21231
39.28022,-76.57992,21231
39.28022,-76.57992,21231
39.28022,-76.57992,21231
39.28022,-76.57992,21231
39.28022,-76.57992,21231
39.28022,-76.57992,21231
39.28022,-76.57992,21231
39.28022,-76.57992,21231
39.28022,-76.57992,21231
39.28022,-76.57992,21231
39.28022,-76.57992,21231
39.28022,-76.57992,21231
39.258,-76.63258,21230
39.258,-76.63258,21230
39.258,-76.63258,21230
39.258,-76.63258,21230
39.258,-76.63258,21230
39.258,-76.63258,21230
39.258,-76.63258,21230
39.258,-76.63258,21230
39.258,-76.63258,21230
39.258,-76.63258,21230
39.258,-76.63258,21230
39.258,-76.63258,21230
39.258,-76.63258,21230
39.258,-76.63258,21230
39.258,-76.63258,21230
39.258,-76.63258,21230
39.258,-76.63258,21230
39.258,-76.63258,21230
39.258,-76.63258,21230
39.258,-76.63258,21230
39.258,-76.63258,21230
39.258,-76.63258,21230
39.258,-76.63258,21230
39.258,-76.63258,21230
39.258,-76.63258,21230
39.258,-76.63258,21230
39.258,-76.63258,21230
39.258,-76.63258,21230
39.258,-76.63258,21230
39.258,-76.63258,21230
39.258,-76.63258,21230
39.258,-76.63258,21230
39.258,-76.63258,21230
39.258,-76.63258,21230
39.258,-76.63258,21230
39.258,-76.63258,21230
39.258,-76.63258,21230
39.258,-76.63258,21230
39.258,-76.63258,21230
39.258,-76.63258,21230
39.258,-76.63258,21230
39.258,-76.63258,21230
39.258,-76.63258,21230
39.258,-76.63258,21230
39.258,-76.63258,21230
39.258,-76.63258,21230
39.258,-76.63258,21230
39.258,-76.63258,21230
39.258,-76.63258,21230
39.258,-76.63258,21230
39.258,-76.63258,21230
39.258,-76.63258,21230
39.258,-76.63258,21230
39.258,-76.63258,21230
39.258,-76.63258,21230
39.258,-76.63258,21230
39.258,-76.63258,21230
39.258,-76.63258,21230
39.258,-76.63258,21230
39.258,-76.63258,21230
39.258,-76.63258,21230
39.258,-76.63258,21230
39.258,-76.63258,21230
39.258,-76.63258,21230
39.258,-76.63258,21230
39.258,-76.63258,21230
39.258,-76.63258,21230
39.258,-76.63258,21230
39.258,-76.63258,21230
39.258,-76.63258,21230
39.258,-76.63258,21230
39.258,-76.63258,21230
39.258,-76.63258,21230
39.258,-76.63258,21230
39.258,-76.63258,21230
39.258,-76.63258,21230
39.258,-76.63258,21230
39.258,-76.63258,21230
39.258,-76.63258,21230
39.258,-76.63258,21230
39.258,-76.63258,21230
39.258,-76.63258,21230
39.258,-76.63258,21230
39.258,-76.63258,21230
39.258,-76.63258,21230
39.258,-76.63258,21230
39.258,-76.63258,21230
39.258,-76.63258,21230
39.258,-76.63258,21230
39.258,-76.63258,21230
39.258,-76.63258,21230
39.258,-76.63258,21230
39.258,-76.63258,21230
39.258,-76.63258,21230
39.258,-76.63258,21230
39.258,-76.63258,21230
39.258,-76.63258,21230
39.258,-76.63258,21230
39.258,-76.63258,21230
39.258,-76.63258,21230
39.258,-76.63258,21230
39.258,-76.63258,21230
39.258,-76.63258,21230
39.258,-76.63258,21230
39.258,-76.63258,21230
39.258,-76.63258,21230
39.258,-76.63258,21230
39.258,-76.63258,21230
39.258,-76.63258,21230
39.258,-76.63258,21230
39.258,-76.63258,21230
39.258,-76.63258,21230
39.258,-76.63258,21230
39.258,-76.63258,21230
39.258,-76.63258,21230
39.258,-76.63258,21230
39.258,-76.63258,21230
39.258,-76.63258,21230
39.258,-76.63258,21230
39.258,-76.63258,21230
39.258,-76.63258,21230
39.258,-76.63258,21230
39.258,-76.63258,21230
39.258,-76.63258,21230
39.258,-76.63258,21230
39.258,-76.63258,21230
39.258,-76.63258,21230
39.258,-76.63258,21230
39.258,-76.63258,21230
39.258,-76.63258,21230
39.258,-76.63258,21230
39.258,-76.63258,21230
39.258,-76.63258,21230
39.258,-76.63258,21230
39.258,-76.63258,21230
39.258,-76.63258,21230
39.258,-76.63258,21230
39.258,-76.63258,21230
39.258,-76.63258,21230
39.258,-76.63258,21230
39.258,-76.63258,21230
39.258,-76.63258,21230
39.258,-76.63258,21230
39.258,-76.63258,21230
39.258,-76.63258,21230
39.258,-76.63258,21230
39.258,-76.63258,21230
39.258,-76.63258,21230
39.258,-76.63258,21230
39.258,-76.63258,21230
39.258,-76.63258,21230
39.258,-76.63258,21230
39.258,-76.63258,21230
39.258,-76.63258,21230
39.258,-76.63258,21230
39.258,-76.63258,21230
39.258,-76.63258,21230
39.24449,-76.61429,21225
39.24449,-76.61429,21225
39.24449,-76.61429,21225
39.24449,-76.61429,21225
39.24449,-76.61429,21225
39.24449,-76.61429,21225
39.24449,-76.61429,21225
39.24449,-76.61429,21225
39.24449,-76.61429,21225
39.24449,-76.61429,21225
39.24449,-76.61429,21225
39.24449,-76.61429,21225
39.24449,-76.61429,21225
39.24449,-76.61429,21225
39.24449,-76.61429,21225
39.24449,-76.61429,21225
39.24449,-76.61429,21225
39.24449,-76.61429,21225
39.24449,-76.61429,21225
39.24449,-76.61429,21225
39.24449,-76.61429,21225
39.24449,-76.61429,21225
39.24449,-76.61429,21225
39.24449,-76.61429,21225
39.24449,-76.61429,21225
39.24449,-76.61429,21225
39.24449,-76.61429,21225
39.24449,-76.61429,21225
39.24449,-76.61429,21225
39.24449,-76.61429,21225
39.24449,-76.61429,21225
39.24449,-76.61429,21225
39.24449,-76.61429,21225
39.24449,-76.61429,21225
39.24449,-76.61429,21225
39.24449,-76.61429,21225
39.24449,-76.61429,21225
39.24449,-76.61429,21225
39.24449,-76.61429,21225
39.24449,-76.61429,21225
39.24449,-76.61429,21225
39.24449,-76.61429,21225
39.24449,-76.61429,21225
39.24449,-76.61429,21225
39.24449,-76.61429,21225
39.24449,-76.61429,21225
39.24449,-76.61429,21225
39.24449,-76.61429,21225
39.24449,-76.61429,21225
39.24449,-76.61429,21225
39.24449,-76.61429,21225
39.24449,-76.61429,21225
39.24449,-76.61429,21225
39.24449,-76.61429,21225
39.24449,-76.61429,21225
39.24449,-76.61429,21225
39.24449,-76.61429,21225
39.24449,-76.61429,21225
39.24449,-76.61429,21225
39.24449,-76.61429,21225
39.24449,-76.61429,21225
39.24449,-76.61429,21225
39.24449,-76.61429,21225
39.24449,-76.61429,21225
39.24449,-76.61429,21225
39.24449,-76.61429,21225
39.24449,-76.61429,21225
39.24449,-76.61429,21225
39.24449,-76.61429,21225
39.24449,-76.61429,21225
39.24449,-76.61429,21225
39.24449,-76.61429,21225
39.24449,-76.61429,21225
39.24449,-76.61429,21225
39.24449,-76.61429,21225
39.24449,-76.61429,21225
39.24449,-76.61429,21225
39.24449,-76.61429,21225
39.24449,-76.61429,21225
39.24449,-76.61429,21225
39.24449,-76.61429,21225
39.24449,-76.61429,21225
39.24449,-76.61429,21225
39.24449,-76.61429,21225
39.24449,-76.61429,21225
39.24449,-76.61429,21225
39.24449,-76.61429,21225
39.24449,-76.61429,21225
39.24449,-76.61429,21225
39.24449,-76.61429,21225
39.24449,-76.61429,21225
39.24449,-76.61429,21225
39.24449,-76.61429,21225
39.24449,-76.61429,21225
39.24449,-76.61429,21225
39.24449,-76.61429,21225
39.24449,-76.61429,21225
39.24449,-76.61429,21225
39.24449,-76.61429,21225
39.24449,-76.61429,21225
39.24449,-76.61429,21225
39.24449,-76.61429,21225
39.24449,-76.61429,21225
39.24449,-76.61429,21225
39.24449,-76.61429,21225
39.24449,-76.61429,21225
39.24449,-76.61429,21225
39.24449,-76.61429,21225
39.24449,-76.61429,21225
39.24449,-76.61429,21225
39.24449,-76.61429,21225
39.24449,-76.61429,21225
39.24449,-76.61429,21225
39.24449,-76.61429,21225
39.24449,-76.61429,21225
39.24449,-76.61429,21225
39.24449,-76.61429,21225
39.24449,-76.61429,21225
39.24449,-76.61429,21225
39.24449,-76.61429,21225
39.24449,-76.61429,21225
39.24449,-76.61429,21225
39.24449,-76.61429,21225
39.24449,-76.61429,21225
39.24449,-76.61429,21225
39.24449,-76.61429,21225
39.24449,-76.61429,21225
39.24449,-76.61429,21225
39.24449,-76.61429,21225
39.24449,-76.61429,21225
39.24449,-76.61429,21225
39.24449,-76.61429,21225
39.24449,-76.61429,21225
39.24449,-76.61429,21225
39.24449,-76.61429,21225
39.24449,-76.61429,21225
39.24449,-76.61429,21225
39.24449,-76.61429,21225
39.24449,-76.61429,21225
39.24449,-76.61429,21225
39.24449,-76.61429,21225
39.24449,-76.61429,21225
39.24449,-76.61429,21225
39.24449,-76.61429,21225
39.24449,-76.61429,21225
39.24449,-76.61429,21225
39.24449,-76.61429,21225
39.24449,-76.61429,21225
39.24449,-76.61429,21225
39.24449,-76.61429,21225
39.2465,-76.5847,21225
39.2465,-76.5847,21225
39.2465,-76.5847,21225
39.2465,-76.5847,21225
39.2465,-76.5847,21225
39.2465,-76.5847,21225
39.2465,-76.5847,21225
39.2465,-76.5847,21225
39.2465,-76.5847,21225
39.2465,-76.5847,21225
39.2465,-76.5847,21225
39.2465,-76.5847,21225
39.2465,-76.5847,21225
39.2465,-76.5847,21225
39.2465,-76.5847,21225
39.2465,-76.5847,21225
39.2465,-76.5847,21225
39.2465,-76.5847,21225
39.2465,-76.5847,21225
39.2465,-76.5847,21225
39.2465,-76.5847,21225
39.2465,-76.5847,21225
39.2465,-76.5847,21225
39.2465,-76.5847,21225
39.2465,-76.5847,21225
39.2465,-76.5847,21225
39.2465,-76.5847,21225
39.2465,-76.5847,21225
39.2465,-76.5847,21225
39.2465,-76.5847,21225
39.2465,-76.5847,21225
39.2465,-76.5847,21225
39.2465,-76.5847,21225
39.2465,-76.5847,21225
39.2465,-76.5847,21225
39.2465,-76.5847,21225
39.2465,-76.5847,21225
39.2465,-76.5847,21225
39.2465,-76.5847,21225
39.2465,-76.5847,21225
39.2465,-76.5847,21225
39.2792155,-76.5753383,21231
39.2792155,-76.5753383,21231
39.2792155,-76.5753383,21231
39.2792155,-76.5753383,21231
39.2792155,-76.5753383,21231
39.2792155,-76.5753383,21231
39.2792155,-76.5753383,21231
39.2792155,-76.5753383,21231
39.2792155,-76.5753383,21231
39.2792155,-76.5753383,21231
39.2792155,-76.5753383,21231
39.2792155,-76.5753383,21231
39.2792155,-76.5753383,21231
39.2792155,-76.5753383,21231
39.2792155,-76.5753383,21231
39.2792155,-76.5753383,21231
